Family,CCAvg,Education,Income,CD Account,Mortgage,Personal Loan
4,2.2,2,102,0,0,0
3,1.4,3,69,0,132,0
1,1.3,1,29,0,0,0
4,2.4,3,83,0,0,0
2,6.3,1,98,0,0,0
2,0.6,1,125,0,0,0
3,6.3,3,193,0,0,1
2,2.0,2,42,0,196,0
2,2.4,2,101,0,0,0
4,3.4,1,64,0,117,0
4,0.2,3,48,0,0,0
4,0.0,2,39,0,0,0
1,2.5,3,55,0,0,0
3,0.5,2,55,0,172,0
4,0.5,2,25,0,0,0
4,1.5,1,50,0,0,0
3,1.1,1,99,0,0,0
3,2.6,2,65,0,0,0
1,2.67,2,62,0,0,0
3,0.7,1,175,0,312,1
1,0.5,2,9,0,98,0
4,1.1,2,132,0,412,1
1,0.8,2,15,0,0,0
1,1.4,3,71,0,198,0
4,0.6,3,11,0,0,0
3,0.7,2,28,0,0,0
2,6.5,1,152,0,0,0
2,1.6,3,53,0,0,0
1,2.6,2,90,0,0,0
1,1.3,1,20,0,0,0
1,0.0,1,134,0,0,0
3,1.3,1,20,0,83,0
2,1.0,1,14,0,107,0
1,3.8,1,83,0,97,1
1,0.0,2,64,0,0,0
2,0.0,3,92,0,0,0
4,1.6,2,83,0,0,0
4,1.9,3,38,0,144,0
4,0.2,1,78,0,0,0
2,1.7,2,38,0,0,0
4,2.1,3,102,0,139,0
1,2.8,3,93,1,328,0
1,0.8,3,113,0,0,0
1,2.5,3,41,0,0,0
1,5.4,1,98,0,0,0
4,0.4,1,13,0,0,0
1,1.9,1,101,0,0,0
2,1.7,1,71,0,145,0
4,1.1,2,88,0,0,0
3,0.3,3,18,0,0,0
4,1.9,2,81,0,0,0
3,0.1,3,45,0,0,0
2,1.0,2,39,0,0,0
4,2.67,1,73,0,0,0
1,1.4,3,75,0,0,0
2,2.8,1,192,0,238,0
4,1.5,3,24,0,0,0
2,2.3,3,64,0,0,0
1,0.2,1,35,0,0,0
4,0.4,2,35,0,0,0
2,3.8,3,164,1,422,1
1,3.8,1,89,0,0,0
3,0.7,2,52,0,0,0
1,2.67,2,83,1,0,0
2,0.4,3,32,0,0,0
1,0.3,1,93,0,0,0
4,1.8,3,58,0,91,0
4,1.5,1,52,0,0,0
4,1.3,2,41,0,0,0
2,0.4,1,163,0,0,0
3,0.2,1,32,0,0,0
3,5.0,2,124,0,170,1
1,2.4,1,164,0,449,0
3,0.7,2,23,0,0,0
2,2.8,1,50,0,205,0
1,1.33,1,42,0,0,0
2,0.3,2,28,0,88,0
1,0.3,1,53,0,213,0
1,2.67,2,82,0,125,0
2,0.3,1,43,0,0,0
2,7.6,1,140,0,132,0
3,2.2,2,48,0,0,0
1,2.4,2,40,0,0,0
3,1.3,1,30,1,0,0
3,0.9,3,59,0,199,0
4,1.3,2,45,0,0,0
3,0.1,1,69,0,247,0
1,1.4,3,74,0,0,0
2,0.3,1,14,0,109,0
1,0.75,3,33,0,171,0
1,2.2,3,53,0,0,0
4,0.3,2,31,0,0,0
2,6.0,1,132,0,470,0
2,6.67,1,201,0,0,0
2,7.2,3,173,0,0,1
4,0.7,1,68,0,191,0
3,1.6,3,79,0,0,0
2,1.3,1,90,0,0,0
4,0.1,3,18,1,109,0
1,2.0,2,40,0,110,0
2,0.8,3,35,0,0,0
2,0.4,1,121,0,0,0
1,1.0,1,58,0,0,0
1,5.7,1,131,0,256,0
4,0.1,3,21,0,0,0
2,0.7,2,34,0,114,0
2,1.7,2,89,0,314,0
1,3.4,1,139,0,353,0
3,0.2,1,28,0,0,0
4,0.4,2,28,0,100,0
1,1.2,1,53,0,0,0
2,0.3,2,22,0,0,0
4,2.2,2,81,0,116,0
4,2.8,2,62,0,0,0
1,0.0,2,59,0,0,0
1,0.0,1,85,0,144,0
2,2.3,3,40,0,0,0
3,2.0,3,62,0,0,0
4,1.7,1,58,0,0,0
2,3.9,1,142,0,0,0
2,0.4,1,98,0,275,0
4,0.4,2,23,0,122,0
1,1.33,1,38,0,0,0
2,2.8,1,60,0,0,0
4,2.8,2,49,0,0,0
4,0.4,1,10,0,87,0
1,0.1,1,21,0,0,0
2,3.8,3,99,0,194,0
2,2.4,2,50,0,0,0
3,5.8,3,182,0,0,1
3,2.5,1,61,0,193,0
4,1.8,3,90,0,0,0
3,1.1,2,52,0,0,0
4,1.5,3,39,0,0,0
4,4.9,1,101,0,0,0
3,1.9,2,41,0,0,0
2,2.0,3,34,0,0,0
1,0.1,3,84,0,0,0
1,1.5,1,43,0,0,0
2,2.8,2,138,0,0,1
2,1.3,1,125,0,0,0
3,7.5,1,184,0,0,1
4,0.2,1,122,0,378,1
3,4.8,2,135,0,0,1
3,1.0,2,14,0,0,0
2,1.7,2,72,0,75,0
4,0.4,2,14,0,86,0
4,2.6,1,61,0,239,0
2,0.1,3,12,1,0,0
1,1.1,3,38,0,108,0
1,1.8,1,48,0,169,0
1,2.8,2,59,0,0,0
1,2.7,2,112,1,408,0
2,0.7,2,33,0,0,0
2,2.8,1,73,0,0,0
2,1.4,1,111,0,298,0
1,2.7,1,89,1,0,0
1,0.8,2,105,0,0,0
3,2.6,3,48,0,169,0
3,1.0,2,32,0,0,0
2,3.9,1,138,0,0,0
2,2.7,1,80,0,0,0
1,3.3,2,71,1,149,1
3,0.3,2,62,0,0,0
4,4.1,2,122,0,0,1
4,3.6,3,62,0,83,0
3,0.2,2,22,0,0,0
1,0.3,1,103,0,0,0
1,1.0,3,79,0,233,0
1,2.6,1,133,0,0,0
3,0.5,3,63,0,221,0
2,0.3,1,35,0,98,0
2,0.8,3,20,0,117,0
1,0.1,2,89,0,170,0
2,1.3,1,29,0,0,0
3,3.4,1,161,0,212,1
1,7.4,1,163,0,0,0
3,1.5,1,42,0,0,0
1,2.0,1,43,0,0,0
2,0.8,3,62,0,0,0
1,4.7,1,202,0,553,0
2,0.0,3,21,0,0,0
2,0.7,1,42,0,101,0
4,2.2,2,54,0,0,0
4,0.0,1,70,0,0,0
2,1.0,3,42,0,78,0
3,0.67,2,13,0,0,0
2,1.9,2,44,0,157,0
4,1.7,2,45,0,95,0
1,2.5,1,115,0,174,0
4,2.1,2,179,0,0,1
1,0.0,1,120,0,135,0
4,3.6,3,83,0,0,1
1,5.0,2,133,0,0,1
3,1.5,1,33,0,0,0
1,4.0,3,79,0,225,0
2,0.2,1,12,0,0,0
2,0.7,2,30,0,0,0
1,5.0,1,165,0,0,0
1,3.0,3,99,0,149,1
1,4.8,3,99,0,255,1
2,2.6,3,133,0,0,1
4,2.0,2,61,0,0,0
3,3.1,2,190,0,266,1
4,5.7,3,133,1,0,1
2,0.9,3,24,0,123,0
2,2.0,3,29,0,0,0
1,1.3,1,22,0,123,0
3,2.1,3,65,0,0,0
3,1.1,2,41,0,161,0
1,6.8,2,174,0,466,1
2,1.7,3,64,0,0,0
1,4.0,1,140,0,0,0
3,1.0,2,25,0,0,0
2,0.4,1,114,0,0,0
3,4.9,1,179,0,142,1
3,1.0,1,113,0,0,0
2,2.5,1,98,1,361,0
4,1.8,3,41,0,147,0
1,1.3,1,118,1,333,0
2,2.5,1,109,0,0,0
1,2.8,2,53,0,167,0
1,0.5,3,35,0,150,0
2,2.8,1,72,0,0,0
1,0.1,1,62,0,0,0
2,0.5,1,145,0,119,0
2,1.4,1,102,0,0,0
2,2.2,1,109,0,0,0
1,0.67,3,25,0,0,0
1,4.6,1,112,0,366,0
4,1.7,2,49,0,104,0
2,1.7,1,73,0,216,0
2,6.0,1,122,1,153,0
1,0.6,1,133,0,328,0
3,2.1,3,62,0,0,0
4,2.4,1,79,0,0,0
3,0.1,3,42,0,149,0
4,1.67,3,40,0,0,0
4,2.5,2,42,0,0,0
1,0.5,3,18,0,0,0
4,1.7,3,78,0,0,0
4,2.1,3,61,0,0,0
2,6.1,1,119,0,263,0
2,0.0,1,92,0,249,0
4,2.8,2,53,0,0,0
2,3.9,1,155,0,0,0
3,2.3,1,49,0,0,0
4,1.3,1,30,0,118,0
3,2.5,2,48,0,113,0
1,2.4,1,59,1,0,0
3,0.7,2,69,0,0,0
4,2.9,1,54,0,189,0
1,1.4,3,44,0,0,0
3,1.0,2,51,1,113,0
3,0.3,3,23,0,0,0
3,1.5,1,48,0,0,0
2,2.4,2,80,0,0,0
1,1.9,2,75,0,0,0
4,1.8,3,50,0,0,0
4,2.0,3,80,0,0,0
4,2.4,3,113,0,0,0
2,2.0,1,91,0,0,0
1,2.6,2,90,0,334,0
3,1.4,1,162,0,400,1
2,6.7,1,178,0,0,0
1,1.7,1,45,0,84,0
2,1.6,3,82,0,0,0
4,0.2,1,24,0,138,0
3,1.0,3,39,0,87,0
2,2.6,3,130,0,0,1
1,0.7,2,121,1,0,1
1,2.6,2,71,0,0,0
1,1.3,1,122,0,0,0
3,0.4,1,12,0,0,0
2,3.3,1,90,0,0,0
4,2.3,3,70,0,0,0
1,0.1,2,70,0,0,0
4,1.7,2,79,1,215,0
3,7.5,3,154,1,351,1
2,0.3,1,134,0,0,0
2,3.2,3,74,0,0,0
3,2.8,1,43,0,0,0
3,0.5,3,63,1,190,0
3,2.3,1,60,0,0,0
4,4.0,3,60,0,244,0
4,2.3,3,113,0,0,0
1,1.6,3,55,0,0,0
2,0.0,1,11,0,78,0
4,1.8,3,65,0,0,0
1,4.1,1,144,0,0,0
3,2.0,1,41,0,0,0
2,0.4,3,24,0,88,0
3,1.7,2,39,0,0,0
4,0.8,1,40,0,0,0
1,1.4,3,29,0,102,0
4,1.0,1,22,0,91,0
4,2.2,2,84,0,322,0
2,1.9,1,94,0,0,0
1,4.3,1,181,0,230,0
1,1.5,3,59,0,0,0
1,1.5,3,19,0,0,0
1,1.5,2,22,0,91,0
3,2.0,3,51,0,0,0
3,2.0,1,41,0,108,0
1,1.8,3,61,0,0,0
4,3.67,2,108,0,301,1
2,0.2,1,113,0,0,0
3,1.2,3,104,0,0,0
2,6.5,1,172,0,0,0
4,7.3,2,190,1,565,1
2,0.2,1,124,0,0,0
4,2.0,3,58,0,153,0
1,1.5,3,63,0,0,0
4,1.5,3,28,0,91,0
4,4.75,2,189,0,0,1
2,0.7,2,92,0,0,0
1,0.2,1,40,1,0,0
3,0.2,1,23,0,0,0
1,0.3,3,33,1,0,0
2,2.0,2,44,0,0,0
2,3.3,1,171,0,0,0
1,4.9,1,94,0,272,0
4,1.0,2,88,0,122,0
1,0.4,3,23,0,0,0
4,0.2,3,85,0,229,0
2,0.2,1,110,0,294,0
1,4.6,1,99,1,368,1
1,4.2,2,104,0,0,1
4,2.5,2,55,0,0,0
4,0.8,1,29,0,135,0
4,1.4,2,74,0,0,0
1,7.0,1,155,0,0,0
4,0.1,3,52,0,121,0
1,5.7,1,128,0,0,0
2,6.1,1,120,0,196,0
1,9.3,2,188,0,0,1
3,4.4,1,78,0,0,0
4,1.5,3,18,0,0,0
1,0.1,1,23,0,0,0
4,0.7,3,84,0,0,0
2,1.7,3,83,0,245,0
3,1.2,3,101,0,0,0
3,1.3,2,18,0,0,0
2,1.7,2,35,0,119,0
1,0.67,3,11,1,0,0
4,2.1,3,48,0,0,0
2,1.5,1,64,0,0,0
4,0.8,1,35,1,137,0
4,0.2,3,72,0,0,0
2,1.4,3,30,0,0,0
2,2.8,1,78,0,0,0
4,3.1,2,115,0,0,1
3,0.6,1,131,0,0,1
1,2.0,1,52,0,0,0
4,1.9,3,38,0,0,0
2,1.4,3,29,0,0,0
2,1.4,1,99,0,0,0
3,0.5,3,61,0,137,0
3,5.9,1,123,1,0,1
1,1.0,3,115,0,0,0
4,2.2,2,38,0,180,0
2,3.9,1,132,0,0,0
3,2.33,2,74,0,0,0
1,7.0,1,138,0,0,0
2,1.1,1,94,0,188,0
2,2.8,1,154,0,94,0
1,0.8,3,93,0,313,0
2,0.3,1,33,0,101,0
2,0.8,3,72,0,0,0
1,0.3,1,70,0,217,0
4,2.6,3,91,0,0,0
1,4.3,1,125,0,219,0
2,1.9,1,125,0,0,0
3,2.2,3,65,1,94,0
1,1.7,1,113,0,0,0
3,1.4,3,50,0,0,0
2,2.2,1,82,0,0,0
1,1.5,2,38,0,116,0
2,2.0,2,30,0,0,0
2,0.4,3,31,0,104,0
3,2.2,3,50,0,0,0
2,7.2,1,149,0,154,0
2,0.3,2,25,0,0,0
1,0.7,1,34,0,143,0
2,6.8,1,109,0,0,0
2,1.7,3,64,0,236,0
2,2.4,2,104,0,0,0
2,0.8,3,44,0,148,0
2,1.1,1,74,0,0,0
1,0.0,1,152,0,0,0
2,0.4,1,22,0,89,0
3,2.4,1,125,0,0,1
2,4.1,2,128,0,209,1
3,2.3,1,45,0,83,0
2,1.0,3,65,0,0,0
2,1.6,3,54,0,0,0
2,0.7,2,131,0,0,1
1,3.3,3,181,1,589,1
4,1.9,2,90,0,0,0
4,2.2,2,83,0,0,0
3,0.5,3,43,0,0,0
3,2.5,2,41,0,0,0
4,1.3,1,38,0,0,0
2,0.2,3,15,0,0,0
4,0.0,2,45,0,0,0
1,7.0,1,122,0,0,0
1,0.3,1,20,0,0,0
2,4.5,3,92,0,0,0
3,0.5,2,49,0,0,0
1,1.9,2,44,0,0,0
4,6.3,1,141,1,0,1
1,5.7,1,125,0,112,0
1,2.8,2,48,0,0,0
2,1.9,2,59,0,0,0
2,7.2,1,155,0,0,0
1,0.75,3,19,0,116,0
2,1.1,1,55,0,0,0
3,2.67,2,78,0,0,0
4,3.0,1,195,0,617,1
4,0.1,2,75,0,182,0
1,3.4,1,104,0,249,0
1,5.1,3,158,1,0,1
2,4.5,3,99,0,249,0
1,1.0,1,14,0,0,0
3,0.5,2,45,0,200,0
3,1.6,1,81,0,0,0
4,2.0,3,70,0,0,0
2,7.5,1,148,1,0,0
4,0.3,2,23,0,121,0
1,2.6,2,78,0,0,0
2,2.8,1,198,0,0,0
4,2.67,1,83,0,0,0
4,0.4,1,74,0,0,0
3,4.9,1,154,1,0,1
2,0.1,1,64,0,0,0
4,0.8,1,15,0,101,0
4,0.1,1,45,0,93,0
2,0.8,3,32,0,0,0
1,0.8,1,155,0,0,0
4,2.1,3,63,0,0,0
2,6.67,1,218,0,0,0
4,1.6,1,59,0,0,0
4,6.1,1,158,0,0,1
4,1.5,3,29,0,146,0
1,0.2,1,55,0,151,0
4,0.9,2,38,0,0,0
1,2.7,1,80,0,0,0
1,0.4,3,19,0,0,0
2,1.75,3,50,0,0,0
4,6.6,2,143,0,0,1
1,2.0,1,55,0,0,0
1,0.1,2,23,0,0,0
1,1.5,3,31,0,0,0
4,0.6,2,50,0,0,0
3,1.0,1,25,0,0,0
4,0.1,3,34,0,157,0
1,2.4,2,154,0,352,1
3,0.9,3,35,0,136,0
2,1.4,1,83,0,75,0
1,7.4,1,158,0,0,0
1,1.5,3,69,0,0,0
2,3.2,1,60,0,0,0
1,0.8,3,73,0,117,0
1,1.0,1,20,0,0,0
1,4.3,1,162,0,0,0
1,1.33,1,29,0,81,0
2,2.8,1,39,1,113,0
2,6.3,1,140,0,380,0
2,0.9,3,13,0,0,0
1,0.9,1,129,0,366,0
2,0.3,1,88,0,0,0
3,0.5,3,69,0,0,0
1,0.75,3,28,0,0,0
1,2.6,2,74,0,0,0
2,0.3,1,25,0,123,0
2,1.4,3,22,0,0,0
2,0.4,1,25,0,113,0
2,0.7,2,80,0,0,0
3,0.5,3,39,0,0,0
2,6.4,3,143,1,0,1
4,2.2,1,62,0,0,0
2,0.0,1,164,0,500,0
1,0.5,2,25,0,0,0
3,2.0,3,32,0,116,0
3,2.8,1,65,0,240,0
4,1.1,2,55,0,0,0
2,0.9,3,8,0,0,0
4,1.0,2,83,0,0,0
1,8.1,1,145,0,397,0
2,0.7,3,30,0,86,0
4,0.4,3,19,0,0,0
2,0.1,1,41,0,161,0
4,3.5,1,114,0,0,1
4,1.0,2,89,0,90,0
2,0.5,1,159,0,461,0
2,0.0,3,68,0,0,0
2,6.9,1,114,0,0,0
4,1.3,2,54,0,0,0
1,0.9,3,13,0,0,0
2,1.0,2,21,0,0,0
2,2.8,1,53,0,0,0
1,2.4,1,163,0,396,0
4,1.0,1,14,1,0,0
1,2.0,1,113,0,0,0
1,0.5,2,23,0,0,0
1,1.9,3,41,0,0,0
1,0.6,3,32,0,166,0
1,4.3,2,91,1,0,1
1,1.5,2,29,0,97,0
4,1.7,3,112,0,0,0
2,0.1,1,52,0,0,0
2,0.3,1,8,0,0,0
4,1.8,3,93,0,0,0
2,2.2,1,123,0,92,0
2,6.1,1,154,0,325,0
3,0.1,2,8,0,83,0
4,1.0,1,20,0,0,0
4,0.9,2,31,0,151,0
2,7.2,1,149,0,0,0
1,1.8,1,49,0,0,0
3,1.2,3,105,0,0,0
3,0.5,3,54,0,0,0
4,4.1,2,93,0,0,1
1,0.0,1,133,0,0,0
2,3.8,3,114,0,0,0
4,0.6,2,38,0,0,0
4,0.8,1,44,0,122,0
4,1.5,3,44,0,0,0
1,1.0,1,130,0,0,0
2,0.6,3,60,0,0,0
3,2.8,1,58,0,0,0
2,0.3,1,38,0,0,0
2,2.8,1,91,0,0,0
1,3.0,3,95,0,0,0
2,1.8,1,60,0,0,0
4,1.7,3,161,1,422,1
3,1.1,2,43,0,0,0
1,3.4,3,91,0,0,1
3,0.9,3,54,0,179,0
4,0.8,1,42,0,0,0
2,0.2,3,28,0,135,0
1,2.8,2,91,0,0,0
2,3.4,1,83,0,0,1
2,3.3,1,113,0,0,0
1,2.9,3,81,0,259,0
1,1.1,3,40,0,0,0
4,0.6,1,21,0,0,0
3,2.0,2,70,0,0,0
4,0.8,1,14,0,0,0
3,1.0,2,24,0,0,0
1,0.8,2,64,0,248,0
1,0.3,1,12,0,0,0
2,1.5,3,110,0,0,0
3,2.67,2,65,0,100,0
1,0.5,2,8,0,0,0
2,2.0,2,98,0,175,0
1,8.1,1,191,0,0,0
2,6.1,1,144,0,158,0
2,6.67,1,198,0,0,0
1,3.0,2,105,0,0,1
2,0.8,3,39,0,0,0
2,1.0,1,25,0,0,0
3,0.5,3,58,0,0,0
1,1.0,1,170,0,0,0
2,8.0,1,122,0,0,0
2,1.8,2,79,0,219,0
2,0.3,3,18,1,0,0
3,2.0,3,50,0,0,0
4,1.3,3,58,0,0,0
1,4.7,1,128,0,0,0
2,2.5,1,82,0,199,0
1,2.5,1,128,0,0,0
1,3.0,3,74,0,0,0
2,2.4,2,82,0,0,0
4,1.7,1,61,0,0,0
4,2.1,3,69,0,0,0
2,1.6,1,80,0,0,0
1,4.4,1,99,0,0,1
2,1.4,2,23,0,0,0
3,2.6,2,74,0,0,0
2,6.3,3,158,0,0,1
4,2.9,1,71,0,0,0
2,1.0,1,21,0,120,0
4,0.1,3,28,0,149,0
2,2.1,3,48,0,0,0
2,0.0,1,183,0,0,0
3,3.0,2,83,0,0,0
2,1.0,2,18,0,88,0
2,2.0,1,83,0,249,0
4,2.2,1,53,0,114,0
2,2.4,2,108,0,0,0
2,2.1,1,160,0,0,0
3,5.0,3,141,1,0,1
4,1.1,3,31,1,85,0
4,1.5,2,34,0,162,0
4,0.6,2,45,0,0,0
4,1.7,1,41,0,0,0
4,2.0,3,65,0,0,0
1,0.3,3,23,0,0,0
3,2.1,1,58,0,247,0
1,3.7,3,84,0,0,0
3,0.5,2,31,0,0,0
4,2.5,1,42,0,0,0
4,0.3,2,25,0,0,0
2,0.0,1,25,0,0,0
2,0.3,2,24,0,0,0
1,1.3,2,40,0,0,0
2,3.0,1,190,0,475,0
4,0.7,1,52,0,0,0
3,1.0,1,108,0,383,0
3,0.5,3,59,0,0,0
1,0.3,3,35,0,120,0
4,0.1,2,59,0,0,0
1,4.3,1,121,0,0,0
4,2.2,2,78,0,236,0
2,0.4,1,98,0,0,0
2,2.3,3,50,0,0,0
3,4.0,2,141,0,0,1
3,2.7,2,50,0,0,0
2,3.9,1,142,0,193,0
3,2.67,1,81,0,0,0
4,4.9,1,78,0,0,0
1,4.3,1,82,0,263,0
1,0.0,1,65,0,0,0
3,1.7,2,101,0,0,0
3,3.8,2,94,1,327,1
1,1.8,1,41,0,94,0
1,1.8,3,58,0,241,0
4,1.8,3,109,0,0,0
2,1.75,3,63,0,0,0
4,3.1,2,123,1,253,1
1,4.6,1,139,0,0,0
2,2.4,2,99,0,0,0
1,0.4,3,14,0,0,0
3,1.4,3,70,0,273,0
1,1.8,3,83,0,0,0
2,2.5,1,103,0,0,0
4,1.1,2,45,0,205,0
1,2.0,2,34,0,112,0
4,2.9,2,115,0,0,1
4,1.1,3,29,0,0,0
1,0.2,2,68,0,163,0
4,1.8,3,69,0,0,0
1,3.4,1,114,0,300,0
1,1.3,2,43,0,123,0
2,1.8,2,113,0,0,0
4,3.6,2,179,0,0,1
4,0.4,1,15,0,85,0
1,1.1,3,34,0,119,0
4,0.1,2,75,1,0,0
3,0.7,2,29,0,0,0
1,0.6,1,132,0,157,0
1,0.6,3,31,0,0,0
4,1.8,3,110,0,190,0
4,2.2,2,80,0,0,0
2,7.2,1,125,0,0,0
2,1.0,2,41,0,0,0
4,0.3,1,28,0,96,0
1,2.5,1,82,0,138,0
1,3.0,3,122,0,115,1
3,4.4,1,110,0,264,0
2,0.0,1,141,0,0,0
2,4.5,1,154,0,207,0
1,1.3,1,162,0,0,0
3,2.6,2,53,0,0,0
2,1.7,2,93,0,0,0
1,3.0,3,183,1,0,1
4,1.7,1,39,0,0,0
1,0.2,1,13,0,0,0
2,3.7,1,75,0,236,0
1,0.8,3,89,0,146,0
3,1.9,2,44,0,141,0
3,1.7,2,43,0,159,0
3,1.6,1,92,0,0,0
1,1.0,1,62,0,0,0
2,0.2,1,122,0,0,0
2,0.2,3,149,0,364,1
1,2.2,3,48,0,0,0
2,0.7,2,44,0,192,0
3,1.4,1,35,0,0,0
1,0.2,1,9,0,0,0
1,5.2,1,108,0,0,0
3,0.5,2,63,0,0,0
4,1.7,3,105,0,0,0
1,0.1,1,23,0,96,0
2,1.8,2,74,0,221,0
3,6.0,2,171,0,0,1
2,3.3,1,92,0,0,0
2,1.0,2,48,0,0,0
3,3.6,3,175,1,0,1
1,2.9,1,195,0,0,0
2,6.9,2,172,0,0,1
4,1.1,2,90,0,0,0
2,6.8,1,145,0,0,0
2,2.5,1,42,0,0,0
2,7.8,1,138,0,227,0
1,3.8,1,94,0,272,0
3,2.1,3,190,0,240,1
3,0.6,2,78,0,0,0
4,1.6,1,38,0,0,0
1,1.3,2,58,0,0,0
3,0.7,2,62,0,0,0
2,3.9,1,139,0,0,0
1,3.6,2,63,0,0,0
2,1.9,1,105,0,0,0
4,1.4,2,92,0,0,0
1,2.2,3,38,0,0,0
4,1.8,3,73,0,0,0
3,0.1,2,29,1,0,0
3,1.5,1,30,0,151,0
4,2.6,1,72,1,0,0
2,0.7,1,38,0,91,0
2,1.7,3,63,0,184,0
3,0.9,3,62,0,0,0
1,4.0,1,108,0,0,0
3,1.4,1,32,0,0,0
3,0.5,3,64,0,0,0
3,3.4,2,172,0,0,1
4,0.9,2,44,0,194,0
3,1.5,1,82,0,103,0
2,1.9,1,95,0,0,0
1,1.9,2,32,0,100,0
4,0.7,3,10,0,0,0
2,0.3,1,23,0,0,0
1,0.1,2,9,0,0,0
1,1.9,3,32,0,0,0
3,5.33,2,163,1,0,1
2,1.8,2,98,0,98,0
2,2.5,1,85,0,0,0
1,1.8,3,50,0,0,0
3,2.2,3,41,0,148,0
1,2.9,1,161,0,0,0
4,1.8,1,32,0,109,0
1,0.2,2,79,0,0,0
3,2.0,2,74,0,0,0
2,0.7,3,25,0,0,0
4,1.8,3,51,0,0,0
3,1.5,1,82,0,0,0
1,0.7,3,60,0,159,0
1,1.3,2,43,0,0,0
4,0.8,1,15,0,0,0
4,3.0,2,102,0,115,1
3,0.1,2,44,0,0,0
2,3.0,1,200,0,458,0
3,2.6,3,65,0,0,0
1,1.5,3,65,0,0,0
2,3.6,3,104,0,0,1
4,0.9,1,55,0,119,0
4,2.2,1,70,0,240,0
2,1.1,1,40,0,0,0
1,1.1,3,32,0,120,0
1,3.9,3,159,0,0,1
4,1.9,3,51,0,0,0
3,0.5,3,59,1,0,0
1,0.2,2,68,0,0,0
3,2.1,3,61,0,0,0
4,7.5,2,185,0,428,1
2,1.4,2,182,0,0,1
1,1.5,3,89,0,0,0
2,6.7,1,173,0,222,0
4,2.0,3,73,0,188,0
1,2.6,3,179,0,0,1
4,2.0,2,40,0,0,0
3,2.67,2,70,0,0,0
2,0.0,3,19,0,85,0
3,2.3,1,54,0,0,0
2,1.67,2,43,0,0,0
2,1.0,3,52,0,0,0
1,4.1,1,161,0,509,0
3,0.3,3,58,0,0,0
4,0.4,2,29,0,0,0
4,4.25,1,170,1,318,1
3,0.7,2,65,0,104,0
2,3.8,3,83,0,112,0
1,0.1,1,79,0,0,0
3,0.7,2,60,0,142,0
1,1.1,3,38,0,0,0
3,2.4,2,49,0,0,0
3,2.9,2,130,0,0,1
4,0.6,1,25,0,0,0
4,2.1,3,60,0,217,0
3,2.8,1,64,0,205,0
1,2.9,3,179,0,0,1
1,1.3,2,55,0,236,0
1,2.8,2,43,0,0,0
3,0.8,1,59,0,159,0
3,2.0,2,85,0,0,0
2,0.7,2,39,0,166,0
2,1.2,3,111,0,251,1
4,0.4,2,31,0,161,0
4,1.2,2,59,0,0,0
1,1.5,3,133,0,0,1
3,1.0,2,40,0,0,0
2,1.6,3,63,0,0,0
2,1.1,2,43,0,0,0
3,5.3,1,135,1,0,1
4,0.3,2,30,0,0,0
1,2.4,1,39,0,0,0
4,1.2,2,63,0,0,0
1,0.2,1,43,0,0,0
3,1.9,2,44,0,0,0
2,0.3,1,15,0,0,0
3,0.1,2,25,0,0,0
4,0.4,2,24,0,142,0
2,3.3,1,135,1,0,0
3,0.1,3,21,0,0,0
1,8.1,1,184,0,303,0
4,2.0,2,38,0,0,0
4,3.4,1,83,0,0,0
4,1.9,2,91,0,329,0
4,1.0,2,45,0,0,0
3,3.7,2,95,0,138,1
2,1.5,2,54,0,0,0
1,5.0,1,154,0,0,0
2,0.7,1,53,0,130,0
4,2.2,2,101,0,0,0
3,0.4,1,12,1,0,0
1,0.3,1,13,0,0,0
2,0.3,1,20,0,106,0
4,2.0,3,50,0,0,0
4,1.8,3,62,0,119,0
1,1.2,2,42,0,0,0
1,2.9,3,84,0,105,0
4,1.9,3,43,0,0,0
1,0.0,2,58,0,0,0
4,5.4,3,111,0,0,1
2,1.4,1,183,0,0,0
1,2.67,2,68,0,0,0
1,1.7,1,192,0,601,0
2,0.8,3,28,0,0,0
1,2.8,2,94,0,333,0
2,4.2,3,115,1,0,1
1,6.0,3,164,0,0,1
2,4.6,3,135,0,91,1
3,2.3,1,53,0,76,0
2,1.6,3,51,0,123,0
4,2.9,1,68,0,0,0
2,1.3,1,121,0,0,0
4,1.9,2,90,0,106,0
4,2.1,3,64,0,164,0
1,0.6,1,114,0,0,0
3,1.1,1,85,0,203,0
2,0.1,1,65,0,89,0
1,6.0,1,181,1,0,0
4,4.9,1,80,0,0,0
2,6.9,1,154,0,0,0
3,2.0,1,54,0,0,0
4,1.67,3,52,0,0,0
2,0.4,1,23,0,0,0
1,0.8,2,111,0,0,0
2,6.7,1,180,0,0,0
2,1.9,2,48,0,0,0
3,0.3,3,62,0,0,0
3,4.4,1,79,0,0,0
3,0.1,3,33,0,0,0
2,4.33,1,141,0,0,0
4,0.4,3,25,0,0,0
2,6.9,1,141,0,0,0
3,2.3,1,39,0,0,0
3,1.1,1,78,0,0,0
1,1.4,3,32,0,158,0
4,0.2,1,43,0,0,0
2,7.5,1,153,0,0,0
1,3.6,2,90,0,0,1
1,3.8,1,132,0,0,0
2,1.6,3,81,0,0,0
4,2.2,3,184,0,612,1
1,0.1,2,21,0,76,0
3,0.9,3,14,0,114,0
4,1.67,3,55,0,89,0
2,1.0,2,15,0,101,0
4,1.8,2,84,0,0,0
1,0.4,3,20,0,0,0
2,1.75,3,71,0,0,0
4,1.3,3,42,0,153,0
2,0.7,2,93,0,0,0
1,0.5,3,42,0,128,0
4,4.4,1,129,0,140,1
2,2.2,2,171,0,569,1
4,0.7,1,23,0,0,0
2,0.3,1,39,0,174,0
3,4.1,1,148,0,0,1
1,5.5,3,159,1,0,1
2,3.2,1,58,0,0,0
1,3.0,3,80,0,0,0
4,0.3,1,20,0,97,0
1,0.5,3,40,0,0,0
4,0.4,3,20,0,0,0
2,3.3,1,118,0,0,0
3,0.3,3,71,0,179,0
2,3.3,1,105,0,0,0
2,2.7,3,143,0,209,1
4,2.1,3,53,0,0,0
4,0.9,2,19,0,0,0
1,4.0,1,105,0,331,0
2,3.7,1,81,0,0,0
1,2.8,1,90,0,0,0
2,2.2,3,52,0,0,0
2,1.3,1,115,0,101,0
4,0.4,2,21,0,123,0
2,1.4,3,21,0,125,0
3,0.9,3,34,0,111,0
3,2.2,3,64,0,0,0
2,1.8,2,88,0,319,0
1,3.5,1,115,0,0,0
3,0.9,3,49,1,0,0
1,0.6,3,21,0,101,0
1,1.0,1,33,0,0,0
3,2.67,1,61,0,0,0
4,0.4,2,21,0,89,0
1,5.7,1,134,0,146,0
1,1.8,2,45,0,0,0
2,1.4,2,21,0,0,0
3,0.1,3,32,0,0,0
1,2.5,1,58,0,0,0
3,4.8,2,135,1,0,1
4,0.7,2,22,0,0,0
1,5.4,1,133,0,212,0
2,1.4,1,99,0,264,0
4,0.7,3,58,0,232,0
3,0.5,2,33,0,0,0
3,0.1,2,21,1,0,0
1,1.4,2,142,0,0,1
4,1.7,2,41,0,0,0
4,1.3,3,40,0,170,0
3,2.1,1,69,0,0,0
3,1.0,2,43,1,165,0
3,4.4,2,101,0,82,1
4,8.0,3,160,0,0,1
4,2.1,3,82,0,0,0
4,2.0,2,60,0,0,0
4,2.2,2,58,0,0,0
2,1.8,2,75,0,0,0
1,1.8,1,45,0,0,0
1,0.9,1,145,0,0,0
4,2.1,1,55,0,108,0
1,1.9,3,140,0,0,1
3,6.9,2,138,0,0,1
2,6.3,1,134,0,0,0
4,2.5,1,41,0,0,0
3,0.7,2,20,0,0,0
2,8.0,1,139,0,0,0
4,1.9,2,108,0,0,1
1,0.3,3,22,0,0,0
3,1.4,3,70,0,0,0
3,1.3,2,30,0,0,0
4,2.3,3,54,0,0,0
1,0.3,1,69,0,0,0
2,2.3,3,61,0,193,0
3,0.4,2,158,1,0,1
2,6.3,1,102,0,0,0
1,0.3,1,8,0,97,0
1,1.4,3,43,0,137,0
2,4.3,3,191,0,205,1
4,2.2,1,65,0,0,0
1,7.3,1,150,0,193,0
4,3.1,1,83,0,0,1
3,2.4,2,50,0,0,0
2,0.8,2,139,0,421,1
4,2.8,2,61,0,0,0
1,1.5,2,38,0,136,0
3,1.0,2,39,0,0,0
2,0.2,3,25,0,0,0
4,2.1,3,39,0,0,0
1,2.9,1,81,0,138,0
4,3.6,3,83,0,188,0
2,1.7,2,91,0,151,0
3,1.9,2,33,0,144,0
3,1.0,2,38,0,0,0
3,1.4,3,50,0,112,0
4,0.4,2,30,1,157,0
2,6.8,1,118,0,112,0
2,0.2,1,93,0,0,0
2,1.9,2,61,0,105,0
3,6.4,1,154,0,0,1
2,2.4,2,59,0,0,0
1,1.2,1,74,0,0,0
4,0.1,3,39,0,0,0
2,1.0,2,23,0,0,0
1,0.7,1,45,0,0,0
4,1.0,2,78,0,0,0
2,0.8,3,71,0,0,0
2,7.6,1,165,0,157,0
2,0.8,3,24,0,0,0
3,2.2,3,131,0,0,1
3,1.0,2,29,0,0,0
1,8.1,1,184,0,0,0
3,0.4,1,24,0,0,0
2,0.3,1,38,0,186,0
1,1.5,3,69,0,78,0
3,0.1,2,35,0,114,0
1,0.9,1,131,0,0,0
1,4.6,2,173,1,88,1
1,0.2,1,53,0,0,0
4,3.6,3,78,0,0,0
1,0.1,2,15,0,0,0
3,0.5,2,60,0,182,0
2,1.5,1,63,0,0,0
1,8.6,1,180,0,0,0
1,6.33,1,155,0,0,0
4,1.67,3,53,0,142,0
3,1.6,1,91,0,126,0
3,1.8,2,98,0,0,0
2,7.6,1,141,0,92,0
4,2.2,2,82,0,0,0
1,1.5,3,91,0,289,0
3,0.8,3,52,0,113,0
3,1.8,2,83,0,187,0
2,1.7,1,43,0,0,0
2,2.2,1,93,0,0,0
4,1.9,3,40,0,122,0
4,2.0,3,83,0,0,0
4,0.8,1,43,0,0,0
4,3.8,2,79,0,0,0
2,1.7,3,75,0,0,0
1,1.6,1,59,0,231,0
2,3.9,1,124,0,0,0
4,1.9,1,52,0,0,0
4,3.4,2,82,0,0,0
4,0.7,1,63,0,0,0
1,0.4,2,11,0,76,0
2,1.7,2,75,0,0,0
2,4.5,2,141,0,0,1
3,2.2,3,61,0,0,0
4,0.1,1,42,0,0,0
4,0.7,3,12,0,0,0
1,1.9,2,90,0,0,0
4,0.4,3,19,0,84,0
1,0.2,1,20,0,0,0
4,1.6,2,61,0,0,0
2,0.0,1,179,0,76,0
3,0.5,1,10,0,0,0
4,1.8,2,74,0,112,0
1,0.5,2,19,0,104,0
1,2.0,1,115,0,0,0
1,3.6,2,82,0,0,0
3,2.5,1,80,0,0,0
1,2.0,2,40,0,0,0
3,2.5,1,112,0,389,0
2,0.3,1,31,0,0,0
2,0.4,1,85,0,0,0
1,2.4,1,42,0,0,0
4,1.7,2,105,0,0,0
2,1.67,2,48,1,0,0
2,0.7,1,45,0,0,0
1,0.8,2,40,0,128,0
2,0.4,1,20,0,76,0
2,2.2,1,125,0,0,0
3,0.7,2,30,0,0,0
4,6.5,1,130,0,0,1
2,0.0,3,81,0,225,0
3,1.0,2,50,0,0,0
4,0.5,2,9,0,0,0
2,0.0,3,13,0,0,0
4,1.8,3,64,0,0,0
1,1.0,3,113,0,0,0
3,2.1,1,51,0,0,0
3,0.2,1,31,0,0,0
4,0.4,1,31,0,0,0
2,2.0,1,139,0,0,0
1,0.4,3,22,0,0,0
2,0.5,3,115,0,0,1
3,1.5,1,32,0,75,0
1,0.3,3,44,1,0,0
1,8.6,1,143,0,0,0
3,0.5,2,19,0,0,0
2,2.8,1,51,0,0,0
1,1.5,3,34,0,0,0
4,5.2,3,195,1,522,1
1,1.4,3,41,0,0,0
4,1.7,1,34,0,0,0
1,2.6,2,85,0,0,0
4,3.6,3,75,0,0,0
4,2.5,1,41,0,174,0
1,1.3,1,22,0,80,0
3,0.5,3,89,0,0,0
1,1.2,3,35,0,0,0
3,8.3,3,183,0,0,1
4,3.8,2,60,0,0,0
1,2.5,1,83,1,0,0
4,0.7,1,171,1,567,1
3,0.1,2,22,0,114,0
2,2.1,3,39,0,0,0
4,0.2,3,61,0,0,0
4,2.2,2,42,0,126,0
1,1.8,1,54,0,0,0
1,2.8,1,75,0,194,0
1,0.9,3,24,0,0,0
1,5.4,3,184,1,176,1
2,7.9,2,185,0,358,1
2,9.0,2,180,0,297,1
1,2.6,1,95,0,0,0
1,0.8,1,53,0,0,0
1,1.3,1,24,0,0,0
2,2.3,3,73,0,224,0
4,1.5,1,62,0,0,0
4,1.8,2,69,0,0,0
1,4.6,1,108,0,0,0
1,0.3,1,31,0,104,0
3,0.8,1,88,0,134,0
1,2.9,1,119,0,0,0
2,0.3,1,118,0,0,0
1,1.8,2,34,0,0,0
1,1.6,3,68,0,0,0
3,1.2,3,85,0,0,0
1,0.8,2,69,0,0,0
2,2.1,3,52,0,221,0
1,1.0,1,148,0,0,0
3,0.6,2,100,0,0,0
4,3.6,3,81,0,0,0
4,1.4,2,89,0,0,0
2,2.4,2,58,0,0,0
1,1.4,3,49,0,0,0
2,0.8,3,35,0,125,0
1,2.8,2,60,0,0,0
2,2.1,3,54,0,97,0
1,1.5,2,23,0,0,0
4,0.5,2,24,0,0,0
3,2.2,3,62,1,217,0
1,2.8,2,90,0,0,0
2,0.0,3,84,0,0,0
2,2.1,3,49,0,95,0
1,3.5,1,140,0,342,0
1,1.0,3,43,0,0,0
4,0.7,2,39,0,0,0
2,1.5,3,99,0,0,0
4,0.5,3,20,0,117,0
1,0.5,3,31,0,0,0
3,0.67,2,19,0,0,0
2,0.4,1,12,0,0,0
1,1.5,1,39,0,0,0
2,0.0,3,10,0,102,0
2,4.5,3,81,1,187,0
3,0.1,2,11,0,0,0
3,2.33,1,73,1,0,0
3,0.7,2,48,0,0,0
4,0.8,1,89,0,155,0
2,0.6,3,61,0,127,0
3,0.8,3,59,0,91,0
2,2.4,2,52,0,147,0
4,0.9,2,15,0,0,0
2,0.4,1,22,0,0,0
3,2.3,1,72,0,124,0
1,1.5,3,55,0,0,0
3,0.9,3,43,0,175,0
4,1.9,3,30,0,0,0
2,0.3,3,13,0,0,0
2,2.0,1,113,0,77,0
2,0.6,3,45,0,0,0
3,0.9,3,55,0,197,0
4,1.9,3,89,0,0,0
4,0.2,3,84,0,297,0
3,5.4,1,158,0,432,1
2,3.4,2,81,0,0,1
4,2.1,3,101,0,0,0
2,0.7,3,14,0,0,0
3,1.7,1,60,0,0,0
4,0.7,1,24,0,0,0
1,2.8,1,81,0,0,0
1,5.0,1,163,0,0,0
2,1.7,2,45,0,0,0
2,2.7,1,113,0,352,0
2,1.7,2,95,0,0,0
2,2.8,1,105,0,336,0
2,0.1,2,8,0,0,0
1,2.5,3,42,0,0,0
2,0.0,1,68,0,126,0
1,2.7,2,93,0,256,0
2,1.4,2,31,0,94,0
1,1.3,3,81,0,293,0
3,1.6,1,90,0,0,0
3,2.67,1,80,0,0,0
1,2.5,3,40,0,166,0
1,1.0,1,155,0,256,0
4,2.2,1,61,0,119,0
3,2.1,3,51,0,0,0
1,5.0,1,132,0,0,0
4,5.2,3,191,0,194,1
2,3.3,3,182,0,372,1
3,2.67,2,69,0,0,0
2,0.1,2,10,0,0,0
1,1.8,1,53,0,0,0
4,3.4,2,85,0,0,0
4,1.67,3,49,0,0,0
1,1.4,1,51,0,0,0
2,0.5,1,159,0,0,0
1,1.5,3,142,0,0,1
4,0.2,1,84,0,0,0
2,0.4,1,21,0,0,0
1,5.7,1,129,0,0,0
2,0.3,1,32,0,0,0
4,0.8,1,81,0,228,0
3,0.3,2,54,0,0,0
4,0.0,2,30,0,0,0
3,0.3,3,19,0,0,0
2,2.0,1,120,0,0,0
4,0.7,2,34,0,0,0
1,2.5,1,129,0,0,0
4,4.9,2,159,0,111,1
1,2.7,1,90,0,323,0
2,3.9,2,95,0,0,1
1,7.0,3,165,0,541,1
4,2.2,2,53,0,0,0
2,2.0,2,112,0,382,0
1,2.6,2,83,0,0,0
2,0.8,3,81,0,0,0
3,0.9,3,40,0,0,0
3,2.2,1,70,0,0,0
3,8.0,1,184,0,0,1
4,1.3,1,68,0,0,0
2,1.1,1,92,0,0,0
4,2.1,3,49,0,0,0
2,6.5,2,180,1,0,1
2,3.0,1,60,0,132,1
2,2.5,1,79,0,0,0
3,5.0,2,169,1,184,1
1,1.4,1,43,0,0,0
4,0.1,3,50,0,152,0
3,2.33,2,62,0,0,0
4,1.0,2,44,0,101,0
3,2.3,2,142,1,0,1
3,3.3,3,152,0,0,1
2,1.7,2,83,0,0,0
1,1.9,1,115,0,0,0
4,1.8,3,52,0,0,0
1,1.2,1,65,0,268,0
1,1.6,2,55,0,0,0
2,1.0,2,14,0,83,0
2,6.9,1,152,0,0,0
2,2.3,3,68,0,128,0
2,7.6,1,180,0,524,0
1,4.7,3,193,0,203,1
3,0.7,2,65,0,0,0
1,0.6,3,29,0,0,0
2,3.4,3,83,0,0,1
4,0.7,1,62,0,0,0
4,2.8,2,38,0,144,0
1,2.8,3,91,0,330,0
1,0.7,1,33,0,104,0
3,1.6,3,68,0,0,0
1,4.0,3,82,0,0,0
3,2.2,3,38,0,0,0
2,1.0,3,63,0,82,0
2,2.0,2,45,0,121,0
2,4.5,3,98,0,306,0
1,5.4,1,121,0,158,0
4,0.7,1,14,0,0,0
1,8.6,1,162,1,0,0
4,1.3,3,43,0,0,0
2,0.7,3,13,0,0,0
2,1.5,2,63,0,0,0
4,1.5,1,49,1,214,0
3,0.3,3,70,0,0,0
1,1.0,1,22,0,91,0
4,2.0,2,79,0,0,0
4,0.2,1,31,0,141,0
4,2.9,1,69,0,0,0
1,0.2,3,29,0,90,0
4,0.1,2,83,0,247,0
1,1.5,2,35,0,0,0
4,1.0,2,38,0,0,0
2,2.8,1,89,0,0,0
1,0.4,3,18,0,0,0
4,1.7,2,52,0,0,0
1,1.6,1,63,0,118,0
1,2.7,2,101,0,233,0
3,5.6,3,123,0,428,1
4,3.4,1,73,0,140,0
2,0.3,2,18,0,0,0
3,6.0,3,194,1,587,1
4,1.8,2,80,0,0,0
1,1.4,3,52,0,207,0
1,0.8,1,123,0,146,0
2,3.1,1,92,0,178,0
2,0.4,1,115,0,0,0
1,2.5,3,59,0,220,0
2,0.0,3,78,0,0,0
1,0.3,3,39,0,0,0
1,1.0,1,42,0,184,0
1,2.4,1,59,0,250,0
1,1.3,1,129,0,0,0
2,6.0,3,118,1,246,1
2,0.8,3,64,0,0,0
3,0.5,3,95,0,0,0
1,0.0,1,114,0,0,0
2,0.3,2,32,0,130,0
1,1.7,1,30,0,0,0
3,0.9,3,14,0,111,0
1,0.6,3,30,0,0,0
2,1.0,3,31,0,0,0
2,0.3,1,39,0,0,0
2,1.1,1,53,0,0,0
4,1.9,1,70,0,212,0
4,3.5,2,125,0,0,1
2,2.0,2,80,0,0,0
3,0.9,3,43,0,0,0
4,1.5,3,31,0,0,0
3,0.7,2,64,0,230,0
1,1.3,2,28,0,94,0
3,0.5,3,60,0,0,0
3,2.0,3,32,0,0,0
1,1.3,3,98,0,0,0
4,0.5,3,14,0,0,0
1,1.3,2,48,0,0,0
1,2.9,1,81,0,0,0
3,2.1,1,60,0,0,0
2,2.3,3,44,0,187,0
4,4.1,1,94,1,120,1
2,0.8,1,39,0,182,0
2,2.5,1,82,0,221,0
3,0.67,2,8,0,88,0
1,1.1,3,32,0,0,0
4,3.8,1,160,0,237,1
4,2.1,1,44,0,0,0
2,1.6,1,88,0,278,0
2,0.0,3,75,0,0,0
4,1.2,2,43,0,0,0
4,4.9,1,79,0,0,0
3,4.2,1,142,0,359,1
1,0.1,3,81,0,0,0
4,1.8,1,32,0,83,0
2,3.3,1,173,0,243,0
1,0.8,1,54,0,0,0
3,0.5,1,28,0,0,0
4,0.9,1,39,0,0,0
2,6.5,1,200,0,565,0
4,1.3,3,82,0,219,0
4,4.3,1,161,1,0,1
3,0.4,2,31,0,0,0
3,0.5,1,29,0,97,0
2,2.0,3,42,0,0,0
1,4.7,1,105,0,0,0
4,0.9,1,39,0,147,0
1,1.2,2,39,0,0,0
4,0.7,2,10,0,81,0
1,0.8,1,55,0,168,0
4,0.0,1,82,0,0,0
1,2.6,2,73,0,133,0
3,1.5,1,44,0,153,0
4,1.3,2,48,0,0,0
1,4.6,1,134,0,164,0
2,0.7,3,15,0,0,0
1,1.0,1,178,0,0,0
4,1.5,3,38,0,0,0
1,1.2,1,65,0,0,0
3,1.0,3,39,0,0,0
4,1.4,2,91,0,0,0
2,2.5,1,62,0,0,0
1,1.7,1,153,0,337,0
1,2.5,1,145,0,0,0
2,1.0,3,45,0,88,0
3,0.7,2,32,0,0,0
3,1.1,2,54,0,0,0
2,1.7,1,58,0,0,0
1,0.3,1,90,0,0,0
1,2.1,3,38,0,133,0
2,7.5,1,118,1,0,0
3,3.0,2,61,0,0,0
2,5.1,2,184,0,0,1
2,6.0,3,145,0,0,1
2,3.3,1,129,0,0,0
3,0.3,3,74,0,0,0
4,2.2,1,52,0,230,0
2,2.5,1,45,0,0,0
4,1.7,2,99,0,0,0
1,0.6,3,21,0,0,0
3,2.5,2,38,0,135,0
3,0.8,1,95,0,0,0
4,0.6,3,21,0,0,0
1,2.0,1,121,0,0,0
3,1.0,1,109,0,0,0
2,6.8,1,149,0,0,0
1,0.7,1,43,0,136,0
4,2.6,3,79,0,0,0
1,0.2,2,78,0,0,0
2,1.75,3,51,0,0,0
4,0.9,2,25,0,111,0
2,0.8,3,90,0,205,0
1,1.6,3,72,0,0,0
3,1.6,3,80,0,144,0
1,2.2,3,61,0,0,0
1,0.7,3,63,0,79,0
3,0.1,1,80,1,0,0
1,2.8,2,40,0,0,0
3,1.7,2,79,0,150,0
2,0.3,1,11,0,89,0
4,2.2,2,115,0,0,1
3,1.5,1,80,0,219,0
4,0.7,2,21,0,0,0
2,0.7,3,39,0,0,0
4,0.4,3,23,0,88,0
2,0.8,3,93,0,107,0
3,0.5,3,70,0,0,0
1,1.0,3,113,0,211,0
3,2.4,1,65,0,0,0
1,2.7,2,81,0,0,0
2,4.4,2,114,0,0,1
3,0.5,1,19,0,0,0
4,0.5,3,20,0,0,0
4,1.7,2,100,0,0,0
1,7.4,1,120,0,119,0
1,0.3,1,44,0,187,0
2,1.5,2,62,0,0,0
1,2.4,1,58,0,0,0
2,0.4,3,65,0,232,0
4,3.6,3,93,0,0,1
2,7.8,1,158,0,114,0
2,2.1,3,38,0,0,0
1,1.3,1,155,0,0,0
4,0.9,2,13,0,0,0
4,1.9,3,71,0,0,0
3,0.5,3,50,0,0,0
2,6.67,1,199,0,0,0
2,3.0,3,123,0,0,1
2,1.0,2,35,0,0,0
2,1.7,1,42,0,0,0
4,1.0,2,38,0,124,0
2,3.9,1,119,0,0,0
1,0.2,2,79,0,83,0
3,1.0,3,44,0,198,0
1,2.6,2,89,1,0,0
4,0.3,2,18,0,84,0
2,0.8,3,91,0,0,0
4,0.2,1,54,0,141,0
1,1.6,3,69,0,0,0
2,0.2,3,30,0,0,0
4,1.2,2,41,0,0,0
3,2.67,1,63,0,0,0
2,1.7,1,44,0,0,0
3,0.1,3,11,0,0,0
4,1.0,2,44,0,192,0
3,0.5,1,23,0,0,0
4,2.1,3,51,0,0,0
2,0.8,1,29,0,0,0
4,4.9,1,84,0,0,0
4,2.0,2,44,0,0,0
2,1.7,3,73,0,0,0
1,2.9,1,82,0,276,0
1,2.8,1,83,0,0,0
2,0.3,2,34,0,0,0
4,1.3,3,61,0,0,0
3,1.0,1,104,0,242,0
4,0.7,3,71,0,0,0
2,0.1,2,18,0,119,0
4,0.6,2,24,0,0,0
4,0.0,1,72,0,0,0
4,0.8,1,44,0,0,0
3,0.5,1,90,0,0,0
1,0.3,2,182,1,229,1
1,0.75,3,33,0,0,0
2,0.6,3,42,0,0,0
2,2.8,1,101,0,0,0
4,1.0,3,30,0,0,0
4,2.0,3,53,0,0,0
1,0.1,3,98,0,0,0
3,0.9,2,74,0,155,0
4,0.5,2,20,0,0,0
2,2.1,3,43,1,0,0
2,1.5,2,72,0,0,0
2,2.5,1,62,0,184,0
1,0.8,3,70,0,0,0
1,1.0,1,15,0,0,0
3,6.5,3,132,0,0,1
4,0.3,1,31,0,156,0
2,1.7,2,89,0,0,0
4,3.6,3,79,0,212,0
2,2.3,3,71,0,150,0
1,2.5,1,140,0,0,0
4,2.1,3,79,0,182,0
2,1.8,2,91,0,321,0
4,1.3,1,55,0,0,0
1,2.7,1,75,0,0,0
2,2.0,3,39,0,0,0
1,2.8,1,55,0,0,0
1,2.7,2,85,0,100,0
2,0.7,2,28,0,82,0
1,2.0,1,39,0,0,0
3,1.4,1,41,0,0,0
3,0.9,2,82,0,218,0
3,2.2,1,48,0,0,0
2,0.2,1,95,0,0,0
3,0.7,2,22,0,0,0
4,0.0,1,75,0,0,0
2,1.9,1,102,1,0,0
2,0.7,2,73,0,0,0
4,1.7,3,100,0,0,0
3,0.7,2,129,0,0,1
1,3.8,1,123,0,0,0
1,0.5,3,13,0,0,0
3,1.5,1,42,1,0,0
3,0.1,3,15,0,0,0
1,1.7,2,134,0,307,1
3,0.8,3,62,0,0,0
2,0.5,2,19,0,0,0
1,1.5,3,64,0,0,0
1,1.5,1,44,0,109,0
1,1.9,2,35,0,118,0
3,2.0,2,69,0,0,0
1,1.8,2,43,0,0,0
4,1.0,1,12,0,0,0
1,1.5,2,68,0,120,0
2,2.0,1,121,0,341,0
1,0.1,3,111,0,0,0
2,0.6,3,58,0,0,0
1,1.9,1,115,0,200,0
1,7.3,1,150,0,0,0
1,1.7,1,114,0,0,0
1,1.8,3,60,0,227,0
1,0.0,1,59,0,144,0
2,8.8,1,203,0,0,0
2,1.1,2,55,0,0,0
1,3.7,3,75,0,280,0
1,4.0,1,110,0,0,0
1,1.5,2,28,0,0,0
2,6.7,1,185,1,0,0
1,1.8,3,58,0,0,0
3,0.2,1,22,0,0,0
2,2.7,1,131,0,394,0
2,3.3,1,151,0,328,0
3,2.1,3,63,0,0,0
1,2.6,1,122,0,352,0
3,3.0,2,62,0,0,0
3,4.4,1,130,0,192,1
1,6.33,1,195,0,0,0
1,0.6,3,18,0,0,0
2,0.3,1,40,0,0,0
3,3.7,2,82,0,0,1
4,3.2,3,174,0,0,1
4,1.8,2,71,0,0,0
1,1.6,3,70,0,265,0
4,1.8,2,51,0,0,0
3,0.9,3,38,0,82,0
3,2.33,1,71,0,106,0
4,0.4,1,64,0,0,0
2,0.3,1,90,0,0,0
4,3.3,2,162,1,446,1
4,3.4,2,101,0,0,0
3,7.0,2,148,0,0,1
1,0.8,1,145,0,84,0
2,7.6,1,164,1,0,0
1,2.0,1,84,0,0,0
2,2.1,3,43,0,166,0
2,7.5,1,119,0,239,0
2,1.6,1,93,0,161,0
3,1.1,2,39,0,0,0
1,4.0,1,105,0,0,0
4,2.0,2,63,0,0,0
1,1.33,1,32,0,137,0
3,1.0,2,31,0,142,0
1,0.8,2,15,0,115,0
1,3.5,1,151,0,392,0
3,2.4,1,48,0,0,0
1,4.0,3,81,0,206,0
2,2.4,2,62,0,0,0
2,1.9,2,51,0,0,0
4,2.3,3,73,0,0,0
2,0.8,1,41,0,0,0
4,0.5,3,9,0,86,0
2,4.5,3,105,0,0,0
1,0.2,2,70,0,230,0
3,2.6,2,75,0,0,0
3,2.33,1,62,1,131,0
3,2.3,1,63,0,0,0
2,4.7,3,130,0,221,1
2,0.7,1,54,0,0,0
1,2.7,2,93,0,0,0
4,1.7,2,64,0,0,0
3,1.7,2,33,0,0,0
1,0.5,3,24,0,0,0
4,0.4,2,10,0,0,0
4,0.5,1,140,0,0,1
1,0.3,3,19,0,0,0
2,0.7,2,28,0,90,0
3,10.0,3,202,0,0,1
4,1.4,2,79,0,0,0
3,3.4,3,85,0,0,1
3,2.2,2,185,1,0,1
3,0.6,2,44,0,0,0
2,1.0,3,53,0,181,0
1,1.3,1,153,0,455,0
1,7.4,1,150,0,481,0
2,5.2,2,135,0,0,1
3,0.8,1,79,0,302,0
2,0.2,3,18,0,0,0
2,0.1,3,18,0,0,0
4,1.8,3,85,0,0,0
2,6.5,1,195,0,635,0
3,2.0,3,44,0,0,0
3,2.8,1,49,0,0,0
2,0.9,3,23,0,0,0
4,1.7,2,59,0,0,0
2,0.0,1,194,0,0,0
3,1.4,1,45,0,198,0
2,2.8,1,81,0,0,0
2,2.1,2,170,0,0,1
1,0.3,1,102,0,0,0
1,0.3,1,145,0,140,0
4,1.5,2,28,0,0,0
1,1.6,2,55,0,227,0
3,0.7,1,83,0,0,0
1,6.0,1,184,0,0,0
1,2.9,1,79,0,307,0
2,1.1,3,121,0,0,1
3,0.4,1,11,0,0,0
4,1.3,3,30,0,0,0
2,1.7,2,30,0,0,0
4,0.3,1,22,0,0,0
3,2.6,3,52,0,159,0
2,3.8,3,78,0,268,0
1,7.0,1,154,0,0,0
1,1.0,3,30,0,111,0
2,3.9,1,152,0,159,0
1,3.7,3,68,0,0,0
4,3.4,1,80,0,0,0
4,1.5,3,25,0,0,0
2,0.7,2,21,0,0,0
2,2.4,3,132,0,0,1
1,1.4,3,28,0,75,0
2,3.1,2,133,0,0,1
1,5.2,1,123,0,0,0
1,1.0,1,11,0,0,0
1,2.7,2,90,0,0,0
1,0.4,3,30,0,0,0
4,0.2,3,59,0,0,0
1,0.3,1,115,0,0,0
1,0.3,1,114,0,286,0
3,2.0,3,38,0,0,0
3,0.1,1,81,0,0,0
2,3.2,3,51,0,0,0
1,0.3,1,95,0,0,0
1,2.5,1,144,1,0,0
3,1.7,2,81,0,171,0
2,1.4,3,33,0,0,0
1,1.0,1,179,0,0,0
3,1.2,3,84,0,121,0
3,1.7,2,81,0,193,0
3,1.8,2,98,0,333,0
1,3.8,1,132,0,82,0
4,4.0,3,69,0,102,0
2,3.7,2,188,0,259,1
3,0.5,1,92,0,310,0
4,0.8,1,39,0,0,0
4,1.3,2,45,0,201,0
3,1.0,1,30,0,0,0
4,2.2,2,84,0,0,0
1,0.8,2,10,0,0,0
1,4.7,1,88,0,0,0
1,1.2,3,22,0,0,0
2,7.5,1,120,0,0,0
2,1.75,3,48,0,89,0
1,0.6,3,20,0,0,0
1,0.3,1,129,0,0,0
4,1.3,3,60,0,0,0
2,0.3,1,30,0,146,0
1,6.8,3,169,1,0,1
1,2.9,1,72,0,0,0
2,4.5,3,95,0,275,0
1,5.0,1,164,0,0,0
2,2.5,1,52,0,0,0
1,0.2,1,41,0,0,0
2,0.4,1,19,0,118,0
1,0.6,3,35,0,0,0
3,0.5,1,89,0,0,0
4,2.2,2,39,0,0,0
4,0.7,2,30,0,0,0
2,3.3,1,165,0,0,0
4,2.6,1,59,0,0,0
4,0.2,1,44,1,0,0
2,1.6,1,93,0,0,0
4,1.1,3,20,0,0,0
3,1.5,1,54,0,0,0
4,1.4,2,70,0,0,0
3,0.7,2,32,0,141,0
2,1.0,2,19,0,92,0
1,2.0,1,55,0,95,0
2,2.5,1,82,0,0,0
3,4.8,2,191,1,0,1
1,0.1,1,22,0,0,0
1,2.0,1,109,0,0,0
3,2.67,2,81,0,251,0
4,2.6,3,81,0,0,0
2,0.5,1,140,0,262,0
2,3.6,3,111,0,0,1
3,0.1,2,31,0,0,0
4,1.0,3,41,0,0,0
1,1.8,3,45,0,195,0
3,3.0,3,122,1,0,1
2,0.3,1,44,0,192,0
1,0.75,3,19,0,0,0
3,1.0,2,21,0,0,0
1,0.8,1,40,0,118,0
2,3.3,1,175,0,0,0
3,3.0,1,63,0,0,0
1,2.4,1,60,0,98,0
1,1.6,1,40,0,0,0
2,0.1,2,13,1,0,0
4,0.6,1,30,0,0,0
4,1.3,3,41,0,0,0
1,2.8,1,72,0,271,0
2,4.5,1,190,0,0,0
4,3.0,1,122,0,0,1
1,1.2,1,59,0,139,0
1,1.9,2,39,0,0,0
1,4.7,1,124,0,0,0
2,1.3,3,163,0,0,1
1,0.7,3,55,0,135,0
2,1.7,1,71,0,0,0
1,1.8,3,53,0,0,0
2,6.9,1,139,0,0,0
3,1.0,2,22,0,126,0
4,0.2,1,29,0,0,0
2,1.0,3,40,0,167,0
3,2.5,2,53,0,112,0
1,3.5,1,145,0,0,0
4,1.8,1,29,0,0,0
4,6.1,1,149,0,0,1
4,2.2,1,55,0,0,0
1,0.0,1,138,0,0,0
4,2.3,3,109,0,314,0
2,1.5,3,82,1,0,0
4,0.6,3,113,0,327,1
3,0.3,3,21,0,129,0
4,5.0,3,119,0,0,1
3,3.0,1,73,0,0,0
1,0.8,3,52,0,196,0
1,0.3,1,38,1,0,0
1,4.7,1,148,0,0,0
2,2.8,1,65,0,0,0
1,1.2,2,182,0,547,1
1,0.1,1,34,0,124,0
1,4.3,1,180,0,0,0
3,0.1,1,95,0,240,0
3,0.7,1,79,0,0,0
4,1.7,1,43,0,98,0
2,1.5,3,80,0,0,0
2,0.7,1,55,0,149,0
1,2.5,3,60,0,103,0
1,0.2,1,44,1,0,0
3,2.7,2,61,0,168,0
2,1.8,1,85,0,0,0
2,6.5,1,188,0,0,0
3,0.1,2,22,0,0,0
1,2.8,3,81,0,145,0
2,0.4,1,82,0,0,0
1,3.5,1,143,0,0,0
4,1.0,1,13,0,95,0
4,1.8,3,83,0,0,0
1,1.5,2,32,0,0,0
1,1.3,3,98,0,355,0
1,1.0,1,180,0,0,0
2,2.5,1,64,0,0,0
1,0.1,1,72,0,207,0
4,2.1,1,45,0,0,0
4,1.0,1,21,0,0,0
1,3.3,2,118,0,0,1
4,0.2,3,83,0,0,0
1,1.2,3,19,0,0,0
1,3.4,1,129,0,0,0
3,2.0,1,58,0,149,0
1,0.3,1,28,0,0,0
2,4.33,1,128,0,0,0
2,1.6,3,80,0,238,0
4,5.2,1,114,1,0,1
2,1.7,2,88,0,0,0
4,0.8,3,182,0,94,1
1,0.2,1,35,0,171,0
4,0.4,2,19,0,0,0
1,2.3,2,123,1,0,1
1,4.0,3,98,0,0,0
2,2.7,1,130,0,0,0
4,1.5,2,30,0,112,0
4,5.0,2,112,0,0,1
4,0.2,3,19,0,0,0
1,0.7,3,75,0,0,0
4,3.4,1,64,0,0,0
2,2.0,1,92,0,0,0
4,8.3,2,194,0,0,1
1,0.8,3,69,1,184,0
4,0.1,2,78,0,0,0
2,5.5,2,149,1,0,1
4,0.4,2,29,0,155,0
2,5.3,2,111,0,0,1
3,0.3,2,64,0,0,0
1,0.1,2,75,0,297,0
2,1.0,1,11,0,0,0
4,6.5,3,134,0,0,1
2,1.7,1,55,0,0,0
4,1.1,2,42,0,151,0
3,1.0,3,44,0,0,0
3,0.1,2,22,1,0,0
2,0.0,1,88,0,121,0
2,0.0,3,9,0,96,0
4,0.8,1,93,0,101,0
4,0.2,3,63,0,242,0
4,0.6,2,9,0,100,0
2,0.2,1,111,0,0,0
3,0.9,3,13,0,0,0
3,1.5,1,32,0,149,0
4,1.5,1,45,0,204,0
3,0.1,2,40,0,111,0
1,4.8,3,191,1,0,1
1,1.4,3,55,0,0,0
2,0.7,2,25,0,103,0
4,0.7,3,78,0,0,0
2,0.0,1,90,0,0,0
4,0.7,3,75,0,0,0
2,2.3,3,74,0,0,0
1,1.3,1,19,0,0,0
4,0.0,2,32,0,0,0
2,0.0,3,95,0,0,0
3,0.9,3,18,0,0,0
1,8.6,1,182,0,0,0
1,1.8,3,62,0,0,0
1,0.8,3,89,0,0,0
4,1.5,2,33,0,85,0
1,2.7,2,82,0,251,0
1,0.3,3,28,0,0,0
1,2.0,2,32,0,0,0
1,1.7,1,145,0,132,0
3,1.0,2,9,0,0,0
2,2.5,1,83,0,148,0
4,1.9,2,88,0,0,0
3,0.8,3,113,0,0,1
1,0.3,3,29,0,0,0
1,0.2,3,42,0,100,0
1,1.0,3,38,0,0,0
2,2.8,1,61,0,0,0
1,3.6,2,84,0,0,0
1,0.8,3,68,0,91,0
4,0.5,3,13,0,0,0
2,0.7,2,24,0,0,0
1,0.3,3,18,0,93,0
1,4.6,1,105,0,0,0
4,5.4,1,150,1,0,1
4,0.7,2,45,0,0,0
2,0.5,2,29,0,0,0
2,7.6,1,161,0,464,0
3,2.1,1,75,0,224,0
4,2.6,1,58,0,188,0
4,2.2,2,65,0,0,0
2,8.8,1,194,0,428,0
4,0.4,1,41,0,177,0
2,0.5,1,122,0,0,0
3,1.9,3,159,0,315,1
4,1.6,1,44,0,180,0
3,2.0,2,52,1,0,0
4,2.5,2,49,0,0,0
4,1.3,1,65,0,0,0
2,0.1,3,23,1,91,0
1,1.7,1,38,0,0,0
4,1.9,3,85,0,110,0
2,1.6,2,112,0,0,1
4,0.6,1,29,0,0,0
3,1.0,2,38,0,150,0
4,2.6,3,68,0,0,0
4,2.2,2,79,0,0,0
4,1.1,3,28,0,0,0
1,1.3,2,38,0,120,0
4,0.5,3,11,0,0,0
1,5.1,3,122,0,163,1
3,2.67,1,85,0,0,0
3,1.4,1,32,1,0,0
3,2.1,1,58,0,169,0
1,0.8,3,71,0,127,0
4,0.7,3,72,0,0,0
1,1.8,3,84,0,0,0
3,1.5,1,28,0,0,0
1,0.3,3,34,0,0,0
4,1.4,2,83,0,0,0
3,0.2,2,19,0,0,0
2,1.4,1,105,0,0,0
2,2.0,2,109,0,341,0
1,3.8,1,111,0,0,0
2,0.8,3,59,0,0,0
2,0.0,1,142,0,0,0
4,1.7,2,113,0,0,1
4,2.2,2,60,0,0,0
2,4.5,1,172,0,415,0
2,6.0,1,151,0,0,0
4,0.5,3,22,0,109,0
2,0.5,1,175,0,429,0
1,2.67,2,85,0,0,0
4,4.2,3,129,0,0,1
1,1.5,3,73,0,252,0
2,3.3,1,144,0,0,0
4,0.8,1,41,0,0,0
3,4.1,1,135,0,213,1
4,6.6,1,173,1,0,1
1,0.2,3,44,0,0,0
4,0.4,1,14,0,94,0
1,1.3,3,84,0,0,0
1,2.6,2,75,0,0,0
2,2.5,1,85,1,293,0
4,0.4,2,25,0,101,0
4,5.0,2,150,0,0,1
4,0.5,2,12,0,78,0
4,0.2,3,85,0,0,0
2,6.5,3,180,1,0,1
2,1.6,3,48,0,119,0
2,3.1,1,121,0,408,0
4,0.2,1,33,0,83,0
3,2.4,1,73,0,0,0
1,2.5,3,54,0,0,0
1,1.33,1,44,0,0,0
3,2.6,3,131,0,229,1
2,4.7,3,125,0,0,1
1,2.9,3,101,0,170,0
1,1.2,3,115,0,0,1
4,0.2,3,8,0,81,0
2,0.8,3,73,1,264,0
2,8.8,3,183,0,582,1
3,0.5,3,64,0,247,0
1,4.1,1,143,0,0,0
3,2.0,3,58,0,0,0
2,3.0,1,198,0,422,0
1,1.7,1,180,0,550,0
1,3.0,3,91,0,0,0
1,2.8,3,88,0,0,0
4,2.2,1,40,1,0,0
3,0.5,1,80,0,0,0
4,1.7,1,59,0,148,0
3,3.0,1,71,0,272,0
1,8.1,1,183,0,0,0
4,1.7,2,51,0,103,0
3,0.5,2,40,0,0,0
2,1.1,2,52,0,0,0
1,2.6,2,72,0,0,0
3,0.1,1,71,0,162,0
1,0.67,3,20,0,0,0
3,0.9,3,59,0,87,0
1,3.33,1,103,1,0,1
2,1.0,2,40,0,0,0
4,2.0,2,78,0,119,0
1,0.0,1,82,0,0,0
3,2.6,3,72,0,0,0
3,2.2,1,71,0,0,0
4,3.4,2,108,0,0,0
2,0.6,1,101,0,0,0
2,0.0,1,18,0,0,0
4,2.2,2,49,0,0,0
1,0.1,2,10,0,0,0
1,0.2,1,38,0,0,0
2,4.0,3,164,0,301,1
4,0.4,1,33,0,131,0
2,1.6,1,91,0,0,0
4,2.6,1,74,0,204,0
4,1.5,3,29,0,79,0
3,1.3,1,21,0,115,0
4,1.4,2,78,0,194,0
3,1.0,2,44,0,193,0
4,0.4,1,82,0,0,0
2,3.0,1,153,0,0,0
3,2.33,2,51,0,0,0
3,4.4,1,83,0,0,0
1,0.3,1,29,0,0,0
4,5.3,1,128,0,84,1
4,0.0,1,64,0,249,0
4,0.7,3,21,0,0,0
2,2.7,1,71,0,94,0
1,2.7,2,79,0,294,0
4,0.6,2,54,0,0,0
2,0.4,3,21,0,76,0
3,1.0,3,42,0,0,0
2,6.4,3,192,0,0,1
1,0.9,1,128,0,0,0
1,2.7,2,95,0,0,0
4,1.8,1,40,0,0,0
2,0.2,1,82,0,0,0
4,0.0,1,59,0,90,0
2,1.6,3,80,0,0,0
4,0.6,2,25,0,0,0
1,1.5,2,34,0,0,0
3,2.3,1,41,0,0,0
1,3.0,3,81,0,0,0
1,5.9,2,140,1,175,1
2,0.5,2,23,0,103,0
1,0.8,1,150,0,0,0
4,2.3,3,58,0,169,0
3,1.2,3,85,0,107,0
1,4.3,1,84,0,0,0
2,1.6,3,44,0,0,0
1,0.8,3,63,0,0,0
4,0.5,2,164,1,234,1
3,2.5,1,112,0,0,0
2,0.0,1,92,0,184,0
2,0.2,1,24,0,0,0
3,3.3,3,114,0,0,1
1,1.8,3,64,0,227,0
1,5.4,1,88,0,0,0
2,0.3,1,40,1,0,0
1,2.8,1,70,0,0,0
4,1.3,3,80,0,0,0
4,2.2,2,42,0,185,0
1,0.3,1,79,0,120,0
1,2.5,3,53,0,0,0
2,3.1,2,93,0,0,1
1,1.8,3,45,0,0,0
3,0.7,2,72,0,81,0
2,1.1,1,52,0,226,0
3,2.33,1,75,0,0,0
1,2.9,1,154,0,0,0
3,4.2,2,114,0,0,1
1,8.1,1,181,0,0,0
4,2.0,3,81,0,277,0
1,0.1,2,91,0,199,0
4,1.8,2,65,0,244,0
2,0.3,1,25,0,0,0
1,2.5,3,49,0,0,0
4,2.6,1,61,0,0,0
4,1.3,2,45,0,86,0
4,0.4,3,22,0,0,0
3,1.5,1,41,0,0,0
3,1.5,1,51,0,0,0
1,3.7,3,79,0,0,0
2,2.5,1,59,0,155,0
2,0.4,3,31,0,161,0
1,2.1,3,42,0,0,0
4,1.6,2,78,0,0,0
3,2.67,1,62,0,240,0
1,5.2,1,91,0,0,0
2,1.9,1,92,0,131,0
2,0.8,3,30,0,0,0
1,1.6,2,48,0,0,0
3,0.6,2,30,0,144,0
4,0.6,1,34,1,0,0
1,1.5,2,24,0,87,0
1,4.9,3,131,0,0,1
3,2.6,1,132,0,308,1
1,4.1,3,110,0,0,1
4,0.3,2,18,0,0,0
2,5.4,2,119,0,0,1
4,0.3,1,24,0,0,0
3,0.4,1,23,0,0,0
2,0.6,1,123,0,0,0
3,2.4,1,54,0,90,0
2,2.8,1,201,0,0,0
1,6.0,1,170,0,0,0
4,0.4,1,21,0,90,0
3,3.1,2,69,0,0,1
4,1.6,1,60,0,0,0
1,0.0,1,125,0,0,0
4,0.7,1,13,0,0,0
1,1.4,1,49,0,99,0
1,2.9,1,132,0,0,0
1,3.0,2,105,1,282,1
4,2.2,1,64,0,0,0
1,3.7,3,82,0,0,0
1,1.3,3,85,0,118,0
2,1.1,3,175,0,0,1
1,2.2,3,49,0,128,0
1,0.1,1,10,0,0,0
4,1.8,3,94,0,232,0
2,0.4,1,80,0,0,0
3,1.7,2,45,0,0,0
4,1.7,1,28,1,0,0
1,2.9,3,84,0,0,0
1,1.2,2,39,0,98,0
1,3.6,2,185,0,0,1
1,2.2,3,39,0,0,0
3,2.1,1,69,0,106,0
1,2.67,2,81,0,0,0
1,1.9,3,29,0,0,0
1,0.8,2,73,0,0,0
3,1.7,2,42,0,0,0
1,0.1,2,11,0,0,0
2,7.8,1,175,0,297,0
2,2.7,1,70,0,0,0
3,1.7,2,102,0,0,0
3,1.7,2,35,0,0,0
1,0.2,1,20,0,131,0
1,5.2,1,120,0,0,0
2,6.0,1,149,0,0,0
3,0.1,2,18,0,110,0
2,4.33,1,145,0,277,0
2,0.3,2,15,0,83,0
2,0.2,1,9,0,0,0
4,1.3,1,162,0,301,1
2,2.2,1,79,0,0,0
4,0.4,2,19,0,124,0
4,2.2,2,99,0,155,0
4,2.3,2,184,1,342,1
1,1.9,3,34,0,156,0
1,2.5,3,40,0,94,0
1,1.0,3,99,0,0,0
2,2.0,1,78,0,0,0
4,0.8,1,21,0,0,0
3,1.5,1,81,1,307,0
3,0.5,1,20,0,0,0
1,2.1,3,48,0,0,0
1,4.6,1,104,0,0,0
4,3.1,2,84,1,0,1
4,1.3,3,45,0,0,0
3,2.0,2,79,0,185,0
3,2.1,1,70,0,0,0
2,0.7,2,91,0,0,0
4,0.4,2,24,0,78,0
2,2.0,1,79,0,194,0
2,6.7,1,130,0,0,0
1,1.0,3,104,0,0,0
3,3.0,1,75,0,0,0
1,4.7,1,195,0,0,0
4,5.4,1,144,0,210,1
3,1.7,3,174,1,231,1
4,2.1,3,64,0,0,0
2,8.0,1,171,0,0,0
2,2.4,2,78,0,205,0
3,0.7,1,84,0,166,0
3,1.3,2,21,0,0,0
4,0.2,1,65,0,0,0
3,0.5,1,20,0,102,0
2,3.8,3,108,0,0,0
2,0.3,1,35,0,0,0
1,3.4,1,115,0,0,0
2,3.3,1,134,0,204,0
2,2.9,2,123,0,0,1
1,4.3,1,160,0,249,0
1,0.0,2,192,0,0,1
1,0.75,3,35,0,114,0
1,0.1,3,170,0,0,1
2,1.0,2,54,0,109,0
4,0.2,2,30,0,0,0
1,0.8,1,141,0,0,0
2,0.1,2,25,0,0,0
1,0.1,2,24,0,0,0
4,2.6,1,70,0,0,0
1,2.4,1,141,0,0,0
4,0.9,2,13,1,76,0
2,1.0,2,32,1,103,0
1,0.8,2,85,0,0,0
3,2.1,1,70,0,185,0
1,0.5,3,28,0,90,0
1,2.2,3,60,0,0,0
3,0.8,1,82,0,0,0
3,1.7,2,30,0,162,0
3,1.0,2,44,0,135,0
2,4.8,2,184,0,0,1
1,0.2,1,11,0,87,0
2,1.7,1,72,0,0,0
4,0.1,3,32,0,0,0
1,0.7,1,28,0,0,0
4,4.0,3,85,0,0,0
4,1.0,1,18,0,0,0
2,8.8,1,154,0,0,0
2,0.4,1,10,0,0,0
1,1.0,1,32,1,0,0
1,1.5,2,18,0,0,0
1,0.9,1,98,0,151,0
3,1.0,3,41,0,0,0
1,0.1,3,85,0,0,0
1,3.8,1,124,0,405,0
2,2.1,3,39,0,119,0
3,0.3,3,22,0,139,0
3,0.5,3,89,0,108,0
2,1.3,1,85,0,119,0
3,0.6,2,32,0,0,0
4,0.6,2,12,0,0,0
1,3.7,3,85,0,0,0
2,1.5,2,173,1,373,1
3,0.1,3,15,0,91,0
4,2.6,1,40,0,89,0
1,4.3,3,125,0,0,1
2,1.5,3,111,0,0,0
2,0.2,3,19,0,0,0
2,2.8,2,153,1,0,1
4,1.2,2,31,0,0,0
4,1.8,3,71,0,0,0
1,5.4,1,119,0,118,0
3,0.8,1,94,0,236,0
4,1.8,3,98,1,129,0
3,0.2,1,173,1,0,1
1,0.75,3,29,0,0,0
1,0.2,3,28,0,0,0
2,1.5,2,59,0,239,0
1,4.0,3,104,1,0,0
3,2.2,1,73,0,0,0
2,0.7,3,21,0,129,0
1,0.0,1,89,0,0,0
2,3.1,1,134,0,0,0
1,1.6,3,54,0,185,0
1,0.1,2,19,0,121,0
4,2.2,1,49,0,204,0
2,0.2,1,10,0,86,0
2,0.7,2,34,0,0,0
1,0.8,2,84,0,0,0
2,0.3,1,29,0,0,0
2,0.4,3,60,0,250,0
4,2.1,1,60,0,234,0
3,6.3,2,130,0,99,1
1,0.2,1,21,0,0,0
3,0.8,1,80,0,0,0
3,1.0,1,103,0,180,0
3,0.7,2,79,0,151,0
2,1.4,2,28,0,108,0
3,2.6,3,68,0,203,0
2,2.1,3,38,0,95,0
4,0.1,3,48,0,0,0
4,0.1,1,38,0,0,0
2,2.5,1,81,0,313,0
1,3.1,1,83,0,0,1
1,4.9,1,80,0,0,0
2,2.0,1,138,0,0,0
2,0.8,3,33,0,89,0
1,3.8,1,88,0,243,0
4,0.7,1,19,0,0,0
1,0.9,3,139,0,0,1
1,3.5,1,121,0,368,0
4,0.0,2,40,0,0,0
1,1.6,2,42,0,0,0
1,1.5,3,23,0,0,0
3,0.1,2,43,0,163,0
1,3.0,3,73,0,0,0
1,7.3,1,121,0,167,0
3,2.0,3,44,1,180,0
1,2.7,2,79,0,0,0
2,0.0,1,11,0,0,0
3,2.1,3,60,0,0,0
3,2.1,1,78,0,0,0
4,1.0,1,25,0,147,0
3,0.5,2,29,0,0,0
1,2.6,2,82,1,0,0
1,3.5,1,141,0,0,0
1,0.5,2,22,0,100,0
2,0.4,3,84,0,145,0
2,0.1,3,8,0,0,0
4,2.6,1,64,0,0,0
2,6.7,1,174,0,0,0
2,3.3,1,138,0,0,0
3,0.6,1,125,1,342,1
2,1.75,3,62,0,0,0
2,0.6,3,34,0,0,0
4,0.6,2,14,0,0,0
4,0.9,2,21,0,113,0
2,0.8,1,32,0,79,0
1,1.0,3,31,0,0,0
4,0.2,1,39,0,137,0
3,6.5,2,161,1,485,1
3,1.4,3,62,0,0,0
3,0.2,2,25,0,0,0
3,0.67,2,23,0,0,0
2,4.2,2,190,0,0,1
1,4.9,1,114,0,0,0
2,7.6,1,189,0,0,0
4,0.2,1,51,0,172,0
1,5.4,1,118,0,0,0
3,1.0,2,30,0,0,0
3,2.0,3,64,0,142,0
2,6.1,3,169,1,106,1
1,1.0,1,31,0,0,0
2,0.7,3,42,0,115,0
2,6.7,1,175,0,0,0
3,1.3,1,35,0,116,0
4,2.6,3,74,0,0,0
3,0.8,3,63,0,0,0
4,1.3,3,34,0,0,0
4,2.1,3,79,0,0,0
4,0.4,1,78,0,0,0
3,2.5,1,65,0,0,0
4,1.8,1,45,0,0,0
3,2.7,2,40,0,0,0
3,2.5,1,65,0,222,0
3,0.3,2,72,0,147,0
1,0.3,3,43,0,158,0
4,6.0,3,128,0,0,1
2,7.5,1,152,0,0,0
4,1.7,1,52,0,218,0
2,1.7,2,95,0,83,0
3,1.3,2,18,1,104,0
4,7.4,3,164,0,0,1
2,7.6,1,182,0,0,0
2,1.5,1,41,0,0,0
4,1.1,2,40,0,131,0
1,1.0,1,28,0,84,0
1,1.9,3,44,0,143,0
3,2.3,1,62,0,0,0
2,8.8,1,201,0,0,0
2,0.0,1,138,0,0,0
2,0.0,1,179,0,380,0
2,1.9,2,171,0,0,1
2,8.8,1,200,0,0,0
2,7.5,1,161,0,0,0
1,0.2,3,29,0,76,0
3,0.5,2,32,0,0,0
4,0.4,2,20,0,79,0
3,0.2,2,34,0,0,0
2,2.7,1,89,0,0,0
1,0.1,2,89,0,307,0
1,0.1,1,71,0,78,0
4,1.0,2,35,0,0,0
4,2.3,3,111,0,0,0
1,1.9,2,95,0,0,0
1,2.6,1,102,0,0,0
2,3.3,1,119,0,0,0
1,0.6,1,128,0,0,0
3,2.3,1,72,0,285,0
2,1.0,3,63,0,0,0
1,2.8,1,54,0,202,0
4,0.4,2,31,0,79,0
2,0.7,1,43,0,163,0
3,1.6,3,64,0,0,0
4,0.4,1,20,0,99,0
4,1.7,1,31,0,124,0
4,3.6,3,58,0,0,0
1,1.4,3,61,0,0,0
3,2.2,1,64,0,0,0
3,2.1,1,84,0,134,0
1,3.8,1,133,0,0,0
1,2.6,1,91,0,0,0
1,5.9,3,129,0,0,1
1,2.6,1,103,0,0,0
2,2.0,1,108,0,359,0
4,1.0,2,91,0,0,0
1,2.9,1,140,0,0,0
1,1.0,1,183,0,442,0
4,0.2,1,51,0,154,0
1,2.4,1,112,1,0,0
2,0.6,1,124,0,0,0
4,0.2,3,81,0,0,0
1,1.7,1,185,0,0,0
1,6.33,1,150,0,0,0
4,1.0,2,88,0,0,0
4,0.2,1,24,0,0,0
1,1.5,2,29,0,159,0
1,1.0,3,78,0,0,0
1,4.1,1,161,0,0,0
2,1.9,2,64,0,0,0
1,4.7,1,149,0,0,0
4,7.9,3,161,0,310,1
1,1.5,1,49,0,0,0
2,1.3,1,122,0,0,0
2,2.3,3,68,0,0,0
3,0.6,2,45,0,131,0
2,1.8,2,104,0,0,0
2,0.0,3,23,0,0,0
1,3.8,1,95,0,0,0
3,2.6,3,182,1,0,1
4,0.3,1,13,0,0,0
3,1.4,3,60,0,0,0
4,4.0,3,69,0,0,0
3,2.0,3,78,1,0,0
3,2.0,2,78,0,0,0
4,0.7,2,10,0,0,0
2,2.1,1,141,0,0,0
1,0.2,1,11,0,91,0
2,7.0,2,188,0,581,1
3,2.0,3,63,0,0,0
2,0.0,1,81,0,0,0
2,0.3,2,31,0,0,0
2,0.7,2,74,0,0,0
2,0.3,2,19,0,0,0
2,1.1,1,73,0,0,0
1,0.9,3,25,0,0,0
4,1.8,1,31,0,0,0
1,0.1,2,12,0,0,0
4,1.0,1,24,0,0,0
4,2.1,3,113,0,0,0
3,0.1,2,29,0,0,0
4,0.2,1,12,0,102,0
1,0.2,3,38,0,0,0
2,8.0,1,165,0,0,0
4,0.8,1,78,0,78,0
4,5.7,3,168,0,0,1
2,1.0,3,44,0,0,0
4,3.2,2,130,0,0,1
4,0.6,1,28,0,0,0
4,3.4,1,81,0,0,0
3,2.33,1,75,0,79,0
3,0.5,2,19,0,97,0
3,6.33,3,195,1,0,1
4,1.3,3,85,0,299,0
1,3.4,1,131,0,0,0
3,1.3,1,31,0,0,0
4,1.3,3,42,0,0,0
4,0.6,1,32,0,77,0
1,1.0,1,173,0,0,0
3,2.67,2,78,0,161,0
2,2.2,2,138,0,0,1
1,0.4,3,18,0,121,0
4,1.7,1,34,0,87,0
4,2.3,3,68,0,0,0
3,0.9,3,25,0,0,0
4,0.9,2,38,0,95,0
1,0.5,2,21,0,0,0
4,2.6,3,64,0,0,0
2,0.4,1,163,0,116,0
2,1.67,2,44,0,0,0
3,2.8,1,61,0,0,0
4,5.1,3,141,0,354,1
3,0.9,1,28,0,0,0
4,2.2,2,109,0,103,0
3,2.2,1,54,0,0,0
1,0.3,1,81,0,218,0
4,1.7,2,79,0,0,0
1,0.3,1,18,1,0,0
2,0.3,2,19,0,105,0
2,0.8,3,63,0,0,0
4,3.4,2,184,1,0,1
1,2.6,2,80,0,0,0
2,1.1,2,40,0,166,0
3,2.0,3,39,1,0,0
2,2.8,1,80,0,0,0
3,1.4,3,40,1,0,0
2,6.0,2,178,0,0,1
2,0.3,1,44,0,0,0
3,0.9,3,38,0,0,0
2,7.8,1,119,0,221,0
3,1.0,1,33,0,167,0
4,5.3,2,155,0,0,1
4,1.8,2,108,0,0,0
3,0.9,2,69,0,0,0
1,0.3,1,40,0,0,0
3,2.4,1,59,0,0,0
3,2.0,3,75,0,0,0
4,2.3,3,99,0,0,0
3,0.7,2,82,0,0,0
4,0.3,1,11,1,0,0
3,2.7,2,42,0,0,0
4,1.8,3,71,0,236,0
3,1.7,1,40,0,0,0
2,3.7,1,104,0,0,1
2,0.6,3,48,0,215,0
1,0.8,2,23,0,112,0
1,2.67,2,78,0,0,0
4,0.3,1,34,0,104,0
3,1.8,2,81,0,275,0
4,2.6,3,93,0,0,0
1,0.2,1,45,0,98,0
2,0.7,1,38,0,0,0
3,0.5,2,42,0,0,0
3,1.1,1,79,0,185,0
1,10.0,3,203,0,0,1
1,1.7,1,191,0,0,0
3,5.4,3,178,0,147,1
1,0.5,3,44,0,0,0
3,0.9,3,44,0,0,0
2,3.2,1,65,0,0,0
4,0.1,1,43,0,0,0
4,1.5,2,29,0,0,0
4,2.7,1,173,0,427,1
2,1.0,3,40,0,0,0
2,2.7,1,128,0,344,0
2,4.33,1,128,1,0,0
3,0.7,2,69,0,170,0
1,1.5,3,75,0,0,0
1,0.67,3,21,0,0,0
3,0.5,2,40,0,100,0
2,0.1,2,14,0,0,0
2,0.1,3,19,0,106,0
1,1.2,1,85,0,0,0
1,0.7,1,35,0,0,0
1,2.8,3,78,0,0,0
2,2.1,3,42,0,0,0
4,0.6,3,15,0,0,0
1,0.2,2,124,0,0,1
3,1.5,1,50,0,169,0
1,0.4,2,8,0,0,0
4,1.7,2,80,0,0,0
1,0.8,2,53,0,0,0
1,2.8,2,70,0,0,0
2,2.0,1,85,0,0,0
3,2.8,1,45,0,153,0
4,0.1,3,42,0,0,0
3,2.2,3,60,0,0,0
4,0.7,1,70,0,0,0
1,1.3,2,45,0,0,0
4,3.5,2,144,0,0,1
2,0.4,1,148,0,508,0
3,2.67,2,59,0,0,0
4,2.2,2,52,0,0,0
2,6.67,1,224,1,0,0
1,1.2,1,48,0,0,0
1,2.6,2,88,0,0,0
2,0.3,1,122,1,360,0
1,5.2,1,93,0,267,0
1,2.8,1,69,0,220,0
1,2.8,3,83,0,0,0
1,0.8,1,38,0,0,0
3,0.5,2,52,0,0,0
4,1.0,2,69,0,0,0
3,0.8,3,62,0,172,0
3,2.67,1,79,0,0,0
3,1.0,2,34,0,0,0
4,1.9,1,75,0,0,0
4,0.2,1,41,0,0,0
4,2.6,3,94,0,0,0
3,4.7,1,170,0,0,1
2,3.3,1,134,0,0,0
2,0.5,2,28,0,146,0
2,1.6,3,39,0,0,0
3,5.9,2,132,0,307,1
1,1.8,3,42,0,0,0
3,2.2,1,75,0,0,0
1,7.4,1,155,0,0,0
3,2.3,1,62,0,98,0
2,2.2,3,62,0,0,0
4,0.2,1,22,0,83,0
2,7.8,1,118,0,358,0
4,0.9,1,58,0,0,0
2,7.8,1,164,0,0,0
2,1.8,1,63,0,0,0
4,0.9,1,55,0,215,0
1,1.4,1,53,0,0,0
2,4.9,3,141,0,0,1
1,1.5,3,62,0,255,0
4,2.6,1,51,0,0,0
2,1.4,1,183,0,354,0
2,3.1,1,123,0,0,0
4,0.7,1,9,0,89,0
1,1.1,3,44,0,0,0
3,2.67,2,82,0,0,0
3,0.5,1,22,1,0,0
4,1.7,1,42,0,0,0
4,0.6,2,44,0,0,0
3,0.9,3,29,0,0,0
1,1.4,3,41,0,128,0
2,3.9,1,149,0,319,0
4,2.1,3,83,0,0,0
1,6.0,1,152,0,0,0
1,0.0,2,62,0,244,0
2,0.0,3,12,0,0,0
2,3.25,2,128,0,0,1
4,0.2,3,23,0,0,0
1,0.3,3,32,0,80,0
2,0.4,1,89,0,0,0
3,0.5,3,83,0,0,0
3,4.4,1,101,0,0,0
4,2.7,2,120,1,111,1
3,1.6,1,72,0,0,0
4,0.3,1,13,1,0,0
3,1.0,1,23,0,95,0
3,3.0,1,68,0,0,0
3,0.3,3,51,0,0,0
4,0.3,3,190,0,305,1
3,1.2,3,100,0,341,0
4,2.4,3,78,0,0,0
1,0.8,3,68,0,0,0
1,2.5,1,81,0,0,0
3,0.9,2,81,0,0,0
2,1.3,1,111,0,0,0
3,0.4,1,14,0,0,0
4,1.0,3,28,0,0,0
4,3.8,2,135,1,0,1
4,0.7,3,19,0,0,0
3,0.8,3,53,0,154,0
2,1.0,2,25,1,0,0
4,0.5,3,125,1,0,1
4,0.7,1,69,0,245,0
1,3.4,1,128,0,0,0
2,0.3,3,23,0,0,0
2,1.5,2,65,0,0,0
1,3.6,2,74,0,0,0
4,0.6,2,54,0,230,0
4,1.3,1,38,0,166,0
4,4.4,1,172,0,0,1
1,2.9,3,110,0,0,0
3,2.4,2,42,0,0,0
4,1.0,1,10,0,81,0
3,0.7,2,55,0,0,0
4,1.9,3,55,0,164,0
1,0.0,1,112,0,0,0
2,0.3,3,24,0,0,0
2,7.2,1,161,0,0,0
1,4.3,1,93,0,0,0
1,4.3,1,94,1,76,0
1,2.5,1,103,0,0,0
1,7.0,1,115,0,0,0
3,2.7,2,61,0,0,0
3,0.5,2,42,0,116,0
4,0.7,3,83,0,315,0
2,0.8,3,90,0,0,0
1,4.0,1,99,0,0,0
2,8.0,1,168,0,152,0
2,0.3,2,12,0,104,0
4,1.9,3,54,0,164,0
2,1.7,3,85,0,98,0
1,1.3,3,164,1,0,1
2,8.1,3,193,0,0,1
2,1.4,1,81,0,0,0
3,1.3,1,188,0,184,1
4,2.3,3,74,0,0,0
2,1.0,2,41,0,112,0
2,0.8,3,49,0,220,0
4,1.9,2,89,0,0,0
3,0.67,2,12,0,0,0
1,1.0,1,29,0,0,0
2,1.3,1,35,0,0,0
2,1.4,2,19,0,120,0
4,0.6,2,39,0,0,0
4,0.4,2,30,0,78,0
1,5.2,1,82,0,79,0
2,6.2,2,170,0,325,1
2,1.4,2,35,0,135,0
4,0.2,2,39,0,0,0
2,2.2,3,65,0,0,0
4,0.2,1,20,0,0,0
2,0.3,2,15,0,119,0
2,0.1,3,14,0,98,0
2,1.7,1,61,0,229,0
4,0.6,2,22,0,0,0
1,1.2,2,43,0,112,0
1,4.3,1,91,0,81,0
3,0.9,3,15,0,0,0
4,0.1,1,45,0,0,0
1,1.5,2,24,0,0,0
1,2.0,2,41,0,0,0
2,1.8,1,64,0,0,0
1,4.3,1,160,0,385,0
4,0.6,3,23,0,98,0
4,0.4,2,18,0,0,0
1,4.9,1,119,0,208,0
1,1.7,1,32,0,0,0
1,1.8,2,33,0,78,0
1,4.7,1,121,0,0,0
4,4.25,1,172,1,0,1
3,1.9,2,39,0,0,0
1,3.4,1,110,0,0,0
4,1.2,2,54,0,129,0
4,0.7,1,73,0,241,0
4,1.0,2,172,0,295,1
3,1.0,1,104,0,0,0
3,2.0,3,61,0,0,0
4,0.4,1,40,0,0,0
3,0.1,3,22,0,90,0
1,0.6,1,112,0,0,0
3,0.3,3,12,0,0,0
4,0.7,3,25,0,0,0
2,0.8,3,45,0,0,0
2,4.33,1,112,0,0,0
1,1.6,2,54,0,186,0
4,2.1,1,54,0,0,0
3,2.5,2,38,0,0,0
1,0.1,2,25,0,136,0
1,0.67,3,22,0,103,0
4,2.6,1,73,0,0,0
2,3.7,1,65,0,0,0
1,0.3,1,94,0,0,0
1,2.9,1,145,0,345,0
1,0.5,3,10,0,81,0
1,1.5,2,34,0,111,0
4,1.8,3,54,0,167,0
1,2.8,2,58,0,0,0
2,0.8,3,30,0,86,0
1,2.4,2,42,0,0,0
1,5.2,1,80,0,0,0
2,2.0,1,119,0,0,0
3,5.6,1,153,0,416,1
4,1.3,1,43,0,0,0
4,2.8,2,48,0,0,0
1,2.5,1,138,0,0,0
3,2.0,1,51,0,130,0
3,0.7,2,74,0,0,0
3,0.6,2,38,0,148,0
2,0.4,3,83,0,0,0
2,1.9,1,89,0,0,0
4,1.6,2,84,0,0,0
3,0.9,3,58,0,128,0
2,0.6,3,51,0,0,0
2,0.3,2,9,0,0,0
2,1.0,1,10,0,0,0
1,2.4,2,45,0,0,0
4,0.1,2,85,0,131,0
4,1.9,3,70,0,0,0
3,0.5,2,59,0,0,0
1,0.5,3,21,0,0,0
4,1.8,1,145,0,198,1
3,0.9,3,31,0,78,0
2,1.8,2,95,0,0,0
4,1.8,3,54,0,235,0
1,1.2,1,78,0,305,0
1,1.5,2,29,0,0,0
2,3.8,2,113,1,119,1
3,1.8,2,98,0,80,0
3,2.6,3,73,0,0,0
1,2.0,1,92,0,0,0
1,0.3,3,31,0,0,0
4,1.0,3,33,0,0,0
4,2.6,1,60,0,97,0
4,0.1,3,31,0,0,0
2,1.8,1,71,0,127,0
2,0.6,3,54,0,218,0
3,3.0,3,93,1,0,1
3,2.0,2,81,0,0,0
2,3.3,1,115,0,85,0
3,4.4,1,111,0,0,0
3,1.7,1,53,0,0,0
1,0.8,2,58,0,0,0
3,1.0,2,45,0,0,0
2,2.0,2,113,0,315,0
2,3.4,3,183,0,0,1
2,4.5,3,78,0,204,0
3,2.2,3,44,0,0,0
3,1.1,1,84,0,0,0
4,0.4,2,19,0,103,0
1,0.4,2,24,0,81,0
4,4.0,3,74,0,0,0
1,7.0,1,140,0,205,0
3,0.5,3,109,1,0,1
1,2.8,1,68,0,0,0
3,2.0,2,185,0,0,1
4,1.0,1,12,0,89,0
2,1.6,3,43,0,0,0
2,4.6,2,154,1,0,1
3,0.5,3,94,0,0,0
4,4.5,3,134,1,0,1
3,8.5,1,178,1,0,1
2,0.5,2,25,0,0,0
2,0.4,1,15,0,0,0
4,3.4,2,85,0,200,0
1,2.5,3,48,0,164,0
2,0.6,3,44,0,0,0
4,0.2,1,71,0,78,0
1,0.7,1,43,0,0,0
3,2.3,1,55,1,0,0
2,0.3,3,21,0,0,0
4,1.9,2,84,0,0,0
2,6.8,1,148,0,0,0
3,0.9,3,40,0,129,0
1,4.2,1,98,1,171,1
4,1.3,2,190,0,197,1
4,1.1,3,175,1,0,1
2,6.7,1,170,0,137,0
1,3.5,3,152,0,0,1
2,2.0,2,83,0,148,0
4,2.2,2,51,0,110,0
1,1.5,2,38,0,0,0
2,0.2,3,32,0,0,0
3,2.1,3,49,0,0,0
1,1.0,1,41,0,0,0
1,3.6,2,81,0,0,0
4,6.6,3,140,1,0,1
4,0.1,3,55,0,0,0
3,2.9,3,143,0,0,1
1,0.2,1,18,0,0,0
3,0.5,1,19,0,89,0
4,0.4,1,73,0,0,0
4,0.2,1,75,0,0,0
1,2.4,2,50,0,0,0
3,1.3,1,35,0,0,0
3,1.1,1,80,0,0,0
4,1.2,2,33,0,82,0
2,3.2,2,182,0,0,1
2,4.5,3,83,0,0,0
4,0.4,2,35,0,118,0
2,3.1,1,94,0,0,0
4,0.5,2,22,0,0,0
4,0.2,1,78,0,87,0
1,4.7,1,94,0,0,0
2,0.1,2,25,0,91,0
2,1.2,3,131,0,0,1
2,0.3,1,101,0,0,0
4,0.2,3,75,0,102,0
2,1.1,2,54,0,159,0
2,0.3,1,20,0,0,0
3,0.7,1,61,0,0,0
2,1.0,3,38,0,164,0
2,2.0,1,100,0,127,0
4,0.7,3,11,0,0,0
1,2.0,2,34,0,0,0
1,2.6,2,92,0,213,0
1,1.4,3,35,0,0,0
1,2.4,1,65,0,0,0
4,0.3,3,129,0,75,1
2,3.9,3,101,0,294,1
1,0.3,1,80,0,0,0
1,5.7,1,91,0,0,0
4,0.3,1,18,0,0,0
2,2.8,1,92,0,103,0
3,4.0,2,134,0,0,1
3,4.4,1,108,0,0,0
2,0.3,1,132,0,403,0
4,0.2,3,60,0,151,0
2,0.2,1,92,0,0,0
4,1.5,1,51,0,0,0
3,1.4,1,30,0,0,0
3,1.0,1,29,0,0,0
4,2.2,1,59,0,232,0
1,1.5,1,135,0,0,0
2,4.5,1,188,0,0,0
4,0.0,1,68,0,0,0
1,0.8,3,82,0,312,0
2,0.2,1,12,0,76,0
4,1.4,2,90,0,0,0
2,0.3,2,29,0,131,0
1,1.9,1,85,0,0,0
1,0.6,3,35,0,171,0
4,1.9,1,69,0,0,0
3,4.4,1,110,0,0,0
1,2.9,1,162,0,0,0
3,0.6,2,34,0,128,0
1,1.8,3,68,0,95,0
4,0.4,1,39,0,0,0
3,2.5,1,60,0,0,0
4,2.2,2,63,0,0,0
1,5.8,3,161,0,0,1
2,2.1,3,48,0,142,0
4,0.8,1,22,0,0,0
4,0.4,3,8,0,0,0
4,1.1,2,75,0,0,0
3,6.9,2,141,0,260,1
1,2.4,1,84,0,0,0
4,3.1,1,172,1,282,1
1,0.8,2,44,0,0,0
4,2.2,1,39,0,0,0
1,0.0,1,120,0,0,0
3,0.5,1,31,0,0,0
4,0.5,1,140,0,292,1
4,1.2,2,40,0,0,0
1,2.5,3,61,0,0,0
1,2.8,2,92,0,0,0
3,1.5,1,43,0,168,0
3,0.6,2,45,0,117,0
1,1.8,3,79,0,0,0
1,1.7,1,154,0,0,0
2,0.4,3,31,0,0,0
1,0.1,1,8,0,0,0
3,0.1,3,20,0,0,0
1,0.3,3,21,0,117,0
2,1.5,3,115,0,189,0
3,1.8,2,78,0,0,0
3,1.8,2,81,0,0,0
4,4.9,1,85,0,0,0
1,8.6,1,162,0,153,0
2,0.3,1,25,0,75,0
3,0.9,2,75,0,0,0
2,1.67,2,49,0,214,0
4,0.4,1,83,0,141,0
1,5.0,3,154,1,0,1
2,1.9,1,129,0,0,0
1,1.0,1,48,0,212,0
4,0.3,1,28,0,87,0
2,2.8,2,118,0,0,1
2,0.0,1,91,0,0,0
3,0.7,2,54,0,196,0
2,2.2,1,83,0,0,0
2,0.8,3,29,0,98,0
4,0.3,1,33,0,142,0
3,2.5,1,64,0,208,0
4,0.7,2,29,0,87,0
1,0.8,2,81,0,223,0
4,0.8,1,13,0,111,0
1,0.3,1,132,0,0,0
1,0.1,1,9,0,94,0
2,1.1,1,79,0,0,0
2,3.1,1,122,0,0,0
2,3.7,1,84,0,304,0
2,1.4,1,173,0,419,0
4,2.6,3,65,0,0,0
3,2.4,2,55,0,145,0
1,0.2,1,22,0,0,0
4,0.8,1,88,0,0,0
1,0.4,2,14,0,98,0
1,0.3,3,41,0,0,0
2,4.2,2,119,0,0,1
3,1.0,1,82,0,309,0
2,0.4,1,20,0,80,0
3,1.0,2,41,0,0,0
3,0.6,2,81,0,104,0
4,1.3,2,50,0,0,0
1,0.8,1,45,0,0,0
2,2.0,1,112,0,241,0
3,2.0,2,84,0,0,0
4,0.2,1,38,0,0,0
1,0.8,2,83,0,230,0
1,1.8,1,45,0,172,0
4,1.5,3,33,0,0,0
1,3.3,2,119,1,0,1
4,1.7,1,38,0,0,0
4,1.67,3,53,0,0,0
4,2.2,1,72,0,0,0
1,0.8,2,80,0,150,0
2,0.7,3,45,0,0,0
1,5.4,1,123,0,0,0
4,3.4,1,69,0,188,0
1,6.0,1,149,0,0,0
1,7.3,1,123,0,0,0
3,0.5,1,95,0,0,0
4,1.5,3,45,0,0,0
2,2.8,1,170,0,0,0
3,1.0,2,23,0,0,0
1,0.2,1,15,0,0,0
4,1.0,1,28,0,130,0
1,2.4,1,174,0,0,0
2,2.5,1,40,1,0,0
1,1.7,1,194,0,0,0
4,1.3,1,54,0,0,0
2,3.3,1,150,0,0,0
2,0.3,1,28,0,148,0
3,0.1,2,18,0,0,0
2,1.6,1,88,0,0,0
1,0.2,1,34,0,0,0
4,1.7,1,33,0,87,0
3,0.9,2,61,0,0,0
2,3.8,3,85,0,0,0
1,1.6,2,55,0,197,0
3,2.2,2,55,0,0,0
4,2.6,3,78,0,0,0
2,3.9,1,128,0,0,0
4,0.6,3,12,0,0,0
2,1.5,1,41,0,173,0
1,1.2,3,35,0,122,0
1,2.4,1,125,0,0,0
3,1.4,1,181,0,0,1
1,2.0,2,41,0,176,0
1,2.9,1,70,0,0,0
1,6.33,1,191,0,0,0
2,6.9,1,145,0,0,0
2,3.7,1,59,0,134,0
3,3.0,2,82,0,0,0
4,0.2,1,81,0,0,0
4,4.2,3,179,0,0,1
1,0.2,2,92,0,0,0
2,2.3,3,75,0,0,0
1,0.9,1,140,0,0,0
4,1.8,2,72,0,242,0
1,0.5,3,11,0,80,0
2,1.8,1,82,0,178,0
4,0.7,2,44,0,174,0
4,2.8,2,65,0,0,0
4,1.0,3,35,0,0,0
2,1.8,1,75,0,0,0
3,0.9,3,61,0,0,0
1,3.0,3,83,0,0,0
4,0.4,2,24,0,137,0
2,0.0,1,179,0,0,0
3,1.3,2,35,0,0,0
4,0.1,2,62,0,145,0
4,2.4,1,72,0,0,0
1,1.6,1,63,0,0,0
1,2.8,1,49,0,0,0
2,0.3,3,15,0,115,0
3,1.3,2,19,0,97,0
1,1.6,2,53,0,0,0
4,0.3,1,14,0,0,0
2,0.1,1,45,0,0,0
1,0.4,2,10,0,0,0
1,4.1,3,165,1,0,1
4,2.67,1,64,0,0,0
4,1.7,3,109,0,0,0
1,2.0,1,112,0,0,0
2,1.8,2,78,0,0,0
1,1.9,3,38,0,0,0
4,2.3,3,75,0,0,0
2,2.2,3,60,0,0,0
2,1.5,3,83,0,199,0
4,1.8,3,68,0,0,0
2,1.67,2,55,0,0,0
2,2.0,1,82,0,83,0
3,0.8,1,72,0,0,0
3,2.5,1,55,1,219,0
4,0.0,2,34,0,0,0
1,8.1,1,195,0,0,0
1,1.5,2,33,0,0,0
1,2.0,2,44,0,0,0
1,1.0,1,32,0,0,0
2,1.8,1,80,0,0,0
4,2.1,3,85,0,0,0
2,6.5,1,193,0,0,0
4,1.0,1,20,0,134,0
4,1.0,3,38,0,154,0
1,1.0,3,114,0,0,0
2,0.6,3,32,0,0,0
4,1.8,3,53,0,0,0
2,4.33,1,138,0,0,0
4,2.4,3,112,0,0,0
4,1.5,2,20,0,0,0
1,5.0,1,133,0,0,0
1,0.3,1,41,0,0,0
3,0.7,2,84,0,0,0
1,4.4,2,132,0,0,1
2,0.2,3,21,1,137,0
2,0.3,1,41,0,108,0
1,1.5,3,33,0,140,0
1,5.0,1,134,0,0,0
4,1.2,2,42,0,0,0
4,1.9,3,49,0,89,0
3,2.1,1,68,0,0,0
3,5.4,2,154,0,0,1
1,0.1,1,35,0,0,0
4,1.8,3,78,0,163,0
3,1.8,2,85,0,0,0
1,1.5,3,18,0,0,0
1,1.2,1,44,0,0,0
2,2.0,3,40,0,89,0
3,1.8,2,103,0,364,0
4,1.9,1,71,0,207,0
1,1.5,2,22,0,111,0
3,1.7,2,81,0,0,0
1,2.5,3,63,0,0,0
2,0.2,3,11,0,90,0
2,2.0,2,81,1,0,0
1,2.7,2,100,0,126,0
4,2.4,1,78,1,0,0
2,1.67,2,48,0,0,0
2,7.2,1,118,0,0,0
3,1.9,2,43,0,0,0
3,2.1,1,82,0,0,0
3,2.6,3,74,0,0,0
2,5.7,2,194,0,0,1
2,3.7,3,158,0,251,1
3,2.2,3,61,0,117,0
2,1.0,3,30,0,159,0
1,1.7,1,43,0,142,0
3,0.2,1,33,0,0,0
1,2.4,1,44,0,0,0
1,1.4,3,28,0,118,0
4,0.3,2,30,0,157,0
3,0.9,3,23,0,0,0
4,0.4,2,30,0,115,0
4,1.7,2,55,0,0,0
3,1.5,1,81,0,276,0
1,1.3,3,82,0,0,0
2,2.0,1,114,0,402,0
1,2.7,2,115,0,283,0
4,1.9,3,29,0,0,0
4,0.3,1,32,0,0,0
4,0.1,3,34,0,0,0
2,1.1,1,50,0,0,0
2,3.3,1,135,0,0,0
4,0.8,1,35,0,0,0
1,6.33,1,149,0,305,0
1,1.5,3,93,0,0,0
3,4.6,2,174,0,590,1
4,0.6,1,32,0,156,0
1,1.4,1,41,0,0,0
1,7.3,1,155,0,0,0
3,0.9,2,82,0,0,0
3,1.5,1,34,0,101,0
3,2.5,1,104,0,0,0
2,7.8,1,139,0,0,0
1,3.7,3,182,0,0,1
1,3.6,2,59,0,0,0
3,0.1,1,69,0,0,0
1,7.0,1,109,0,366,0
3,0.1,2,20,0,0,0
2,2.8,1,60,0,181,0
4,3.0,1,92,1,0,1
2,7.8,1,171,0,0,0
4,2.1,3,114,0,0,0
2,2.0,1,102,0,0,0
1,0.1,2,69,0,0,0
4,1.6,2,80,0,0,0
4,1.0,2,94,0,0,0
1,4.1,1,163,0,0,0
1,0.8,1,41,0,0,0
2,0.0,3,81,0,0,0
3,1.5,1,21,0,0,0
4,7.2,2,149,1,0,1
4,2.3,3,101,0,256,0
1,0.5,2,173,0,0,1
4,1.3,1,39,0,0,0
3,0.9,1,29,0,126,0
3,1.5,1,44,0,117,0
2,2.9,3,139,0,0,1
4,0.4,1,80,0,0,0
2,6.67,1,160,0,0,0
3,0.67,2,23,0,95,0
2,1.5,1,59,0,139,0
1,1.0,1,22,0,0,0
1,2.8,3,93,0,0,0
1,2.4,3,114,0,0,1
4,0.4,3,25,0,115,0
3,0.9,3,33,0,0,0
2,2.5,1,53,0,102,0
1,0.0,1,83,0,0,0
1,2.5,3,48,0,105,0
2,0.3,1,35,1,88,0
2,2.3,3,44,0,0,0
1,0.1,1,19,0,0,0
1,1.4,3,19,0,98,0
4,2.1,3,50,1,0,0
4,1.67,3,41,0,0,0
2,2.8,3,142,0,0,1
1,3.5,1,125,0,0,0
2,3.3,1,148,1,0,0
2,0.7,2,30,0,145,0
4,0.1,3,25,0,109,0
3,3.9,3,98,0,0,1
3,0.5,1,33,0,108,0
2,7.9,2,168,0,0,1
2,1.7,2,41,0,0,0
4,3.8,2,81,0,0,0
1,0.67,3,19,0,83,0
1,0.3,1,8,0,0,0
4,0.2,3,18,0,0,0
2,1.4,1,175,0,0,0
1,1.8,3,64,0,147,0
2,2.0,3,38,0,0,0
2,4.5,1,190,0,246,0
3,3.0,2,84,0,0,0
3,1.0,2,25,0,135,0
1,2.0,2,29,0,0,0
2,2.3,3,39,0,0,0
2,0.8,1,39,0,0,0
4,2.6,3,84,1,289,0
2,2.8,1,84,0,0,0
4,4.0,3,83,0,0,0
3,2.0,3,73,0,285,0
3,0.4,2,23,0,0,0
1,0.75,3,32,0,105,0
3,1.0,1,98,0,296,0
3,2.0,3,72,0,190,0
3,4.4,1,81,0,0,0
1,2.6,2,153,1,0,1
4,0.2,3,81,0,167,0
1,0.2,3,42,0,102,0
4,2.5,3,110,0,0,1
4,1.8,3,54,0,0,0
1,3.1,2,183,1,0,1
3,0.3,3,71,0,0,0
4,1.5,1,63,0,0,0
2,2.4,2,61,0,90,0
2,0.2,3,35,0,0,0
1,4.9,1,93,1,133,0
3,0.3,3,54,0,0,0
4,0.2,2,43,0,0,0
1,0.3,1,40,0,116,0
2,2.8,1,115,0,202,0
3,0.5,1,18,0,0,0
4,1.9,3,53,0,0,0
3,0.6,2,38,0,0,0
3,1.1,1,109,0,0,0
4,1.0,1,12,0,90,0
4,3.8,2,62,0,149,0
4,1.3,1,70,0,0,0
4,1.8,1,44,0,0,0
4,0.2,3,194,1,211,1
1,0.8,1,49,0,103,0
3,1.8,2,112,1,0,0
2,0.3,2,9,0,99,0
2,0.5,1,141,0,0,0
1,0.3,1,44,0,0,0
1,3.4,3,85,1,0,1
2,1.4,1,112,0,0,0
3,0.3,3,48,0,0,0
1,2.9,3,84,1,102,0
1,10.0,2,201,0,0,1
2,1.7,1,41,0,0,0
3,5.5,1,142,0,0,1
2,2.1,1,169,0,122,0
1,3.6,3,180,1,571,1
1,0.5,3,29,0,0,0
1,0.3,1,44,0,81,0
2,4.5,3,81,0,0,0
4,3.0,2,120,0,431,1
3,0.1,3,30,0,128,0
4,1.0,1,29,0,0,0
4,2.6,3,74,0,104,0
3,2.67,2,80,0,0,0
3,0.9,3,22,0,0,0
4,0.4,1,59,0,0,0
1,7.4,1,129,0,0,0
4,1.9,3,93,0,0,0
4,0.9,2,13,0,78,0
1,0.8,1,149,0,0,0
3,2.5,1,85,0,0,0
2,1.5,1,49,0,0,0
4,2.1,1,50,0,0,0
4,3.8,2,108,0,304,1
2,1.3,1,43,0,0,0
1,2.6,1,98,0,0,0
4,4.8,3,103,0,0,1
3,1.4,1,43,0,0,0
1,3.6,2,79,0,104,0
1,1.3,1,30,0,0,0
4,2.6,1,70,0,218,0
2,1.4,1,113,0,270,0
2,1.0,3,64,0,211,0
2,8.8,1,205,0,181,0
3,2.0,2,101,0,270,0
1,6.33,1,201,0,158,0
2,1.0,2,30,0,0,0
2,2.2,3,63,0,0,0
