,mean_fit_time,std_fit_time,mean_score_time,std_score_time,param_learning_rate,param_max_depth,param_n_estimators,param_reg_alpha,param_reg_lambda,param_subsample,params,split0_test_score,split1_test_score,split2_test_score,split3_test_score,mean_test_score,std_test_score,rank_test_score
0,5.476206481456757,1.0864227598496041,0.04189079999923706,0.007064057105603145,0.05,4,750,0.1,1.0,0.7,"{'learning_rate': 0.05, 'max_depth': 4, 'n_estimators': 750, 'reg_alpha': 0.1, 'reg_lambda': 1.0, 'subsample': 0.7}",0.9866005197259626,0.9957686798758654,0.9971771221387733,0.9901195731862809,0.9924164737317205,0.004272064266872307,16
1,4.763643860816956,1.1384615410488388,0.03338491916656494,0.0062506700156177404,0.05,4,750,0.1,1.0,1.0,"{'learning_rate': 0.05, 'max_depth': 4, 'n_estimators': 750, 'reg_alpha': 0.1, 'reg_lambda': 1.0, 'subsample': 1.0}",0.9866005197259626,0.9936530292834966,0.9957656832081598,0.9915311977049964,0.991887607480654,0.003399871701410722,66
2,5.9178197383880615,0.6113992746341175,0.03439044952392578,0.0013476208577927115,0.05,4,750,0.1,1.5,0.7,"{'learning_rate': 0.05, 'max_depth': 4, 'n_estimators': 750, 'reg_alpha': 0.1, 'reg_lambda': 1.5, 'subsample': 0.7}",0.987305837603845,0.9950634672204972,0.9964714114603177,0.9901195731862809,0.9922400723677351,0.003698613878696672,32
3,5.401918649673462,1.4737587774986078,0.040381789207458496,0.009942766498999049,0.05,4,750,0.1,1.5,1.0,"{'learning_rate': 0.05, 'max_depth': 4, 'n_estimators': 750, 'reg_alpha': 0.1, 'reg_lambda': 1.5, 'subsample': 1.0}",0.9858951786975421,0.9929478138222849,0.9964714184897671,0.9908253956395601,0.9915349516622884,0.0038299932462479936,104
4,7.104071736335754,0.6278909914319359,0.03664231300354004,0.002914395188008051,0.05,4,750,0.1,2.0,0.7,"{'learning_rate': 0.05, 'max_depth': 4, 'n_estimators': 750, 'reg_alpha': 0.1, 'reg_lambda': 2.0, 'subsample': 0.7}",0.987305837603845,0.9957686798758654,0.997177133385926,0.9908253956395601,0.9927692616262991,0.003938700937767299,4
5,4.018261253833771,0.16134311113268457,0.029752612113952637,0.0028613842621782615,0.05,4,750,0.1,2.0,1.0,"{'learning_rate': 0.05, 'max_depth': 4, 'n_estimators': 750, 'reg_alpha': 0.1, 'reg_lambda': 2.0, 'subsample': 1.0}",0.9866005197259626,0.9922425913464957,0.9957656832081598,0.9901195731862809,0.9911820918667247,0.003326173400439799,125
6,4.390136659145355,0.41621268981115056,0.05164456367492676,0.01423047121540551,0.05,4,750,0.5,1.0,0.7,"{'learning_rate': 0.05, 'max_depth': 4, 'n_estimators': 750, 'reg_alpha': 0.5, 'reg_lambda': 1.0, 'subsample': 0.7}",0.987305837603845,0.9957686798758654,0.9964714114603177,0.9901195731862809,0.9924163755315771,0.003842985809375872,19
7,4.370343208312988,0.3597652520425571,0.05988413095474243,0.015092901803856848,0.05,4,750,0.5,1.0,1.0,"{'learning_rate': 0.05, 'max_depth': 4, 'n_estimators': 750, 'reg_alpha': 0.5, 'reg_lambda': 1.0, 'subsample': 1.0}",0.9866005197259626,0.9929478138222849,0.9957656832081598,0.9901195731862809,0.9913583974856721,0.003395677331249104,117
8,5.658345520496368,0.6459690063510847,0.06363952159881592,0.013246877319190534,0.05,4,750,0.5,1.5,0.7,"{'learning_rate': 0.05, 'max_depth': 4, 'n_estimators': 750, 'reg_alpha': 0.5, 'reg_lambda': 1.5, 'subsample': 0.7}",0.987305837603845,0.9950634475795923,0.997177133385926,0.9908253956395601,0.9925929535522309,0.003814311914133598,7
9,5.033517360687256,0.8522944236442715,0.06364387273788452,0.01936235896937756,0.05,4,750,0.5,1.5,1.0,"{'learning_rate': 0.05, 'max_depth': 4, 'n_estimators': 750, 'reg_alpha': 0.5, 'reg_lambda': 1.5, 'subsample': 1.0}",0.9866005197259626,0.9936530292834966,0.9957656832081598,0.9894137282353872,0.9913582401132517,0.003574515411125996,123
10,5.76048481464386,1.8154749898297629,0.059392571449279785,0.018782955864647486,0.05,4,750,0.5,2.0,0.7,"{'learning_rate': 0.05, 'max_depth': 4, 'n_estimators': 750, 'reg_alpha': 0.5, 'reg_lambda': 2.0, 'subsample': 0.7}",0.987305837603845,0.9950634475795923,0.997177133385926,0.9908253956395601,0.9925929535522309,0.003814311914133598,7
11,5.951007127761841,1.3099393070251384,0.05176568031311035,0.019048919751229774,0.05,4,750,0.5,2.0,1.0,"{'learning_rate': 0.05, 'max_depth': 4, 'n_estimators': 750, 'reg_alpha': 0.5, 'reg_lambda': 2.0, 'subsample': 1.0}",0.987305837603845,0.9929478138222849,0.9950599760444447,0.9901195731862809,0.9913583001642139,0.002923433568619589,118
12,8.1192906498909,1.6961178135040824,0.05651634931564331,0.01564033444078015,0.05,4,750,1.0,1.0,0.7,"{'learning_rate': 0.05, 'max_depth': 4, 'n_estimators': 750, 'reg_alpha': 1.0, 'reg_lambda': 1.0, 'subsample': 0.7}",0.987305837603845,0.9943582061641969,0.997177133385926,0.988002225333439,0.9917108506218517,0.004184697714383432,97
13,4.686062276363373,1.4085236631733078,0.038392722606658936,0.018660227808115545,0.05,4,750,1.0,1.0,1.0,"{'learning_rate': 0.05, 'max_depth': 4, 'n_estimators': 750, 'reg_alpha': 1.0, 'reg_lambda': 1.0, 'subsample': 1.0}",0.9873059638694429,0.9929478138222849,0.9957657000788889,0.988002225333439,0.9910054257760139,0.003504936306745121,131
14,6.9020625948905945,1.6165706801856454,0.05889350175857544,0.026472215134043436,0.05,4,750,1.0,1.5,0.7,"{'learning_rate': 0.05, 'max_depth': 4, 'n_estimators': 750, 'reg_alpha': 1.0, 'reg_lambda': 1.5, 'subsample': 0.7}",0.987305837603845,0.9943582061641969,0.9964714114603177,0.9894139180456464,0.9918873433185016,0.003681944836797544,80
15,5.443502962589264,1.4336953748835457,0.031012356281280518,0.008419302744769389,0.05,4,750,1.0,1.5,1.0,"{'learning_rate': 0.05, 'max_depth': 4, 'n_estimators': 750, 'reg_alpha': 1.0, 'reg_lambda': 1.5, 'subsample': 1.0}",0.9844849126269217,0.9929478138222849,0.9964714114603177,0.9872963410115112,0.9903001197302589,0.004688668410869613,141
16,6.423787593841553,0.34869168015659,0.03424888849258423,0.003489584203473593,0.05,4,750,1.0,2.0,0.7,"{'learning_rate': 0.05, 'max_depth': 4, 'n_estimators': 750, 'reg_alpha': 1.0, 'reg_lambda': 2.0, 'subsample': 0.7}",0.9880111344363328,0.9943582061641969,0.9957656832081598,0.988002225333439,0.9915343122855321,0.0035625586632733208,115
17,4.346124470233917,0.25450978419114373,0.029129624366760254,0.006481290810788127,0.05,4,750,1.0,2.0,1.0,"{'learning_rate': 0.05, 'max_depth': 4, 'n_estimators': 750, 'reg_alpha': 1.0, 'reg_lambda': 2.0, 'subsample': 1.0}",0.9844849126269217,0.9936530292834966,0.9943542667718518,0.9872963410115112,0.9899471374234453,0.004183869169717794,143
18,6.586065888404846,1.030861989754649,0.05214226245880127,0.01067168782969215,0.05,4,900,0.1,1.0,0.7,"{'learning_rate': 0.05, 'max_depth': 4, 'n_estimators': 900, 'reg_alpha': 0.1, 'reg_lambda': 1.0, 'subsample': 0.7}",0.9866005197259626,0.9957686798758654,0.9971771221387733,0.9901195731862809,0.9924164737317205,0.004272064266872307,16
19,5.104559659957886,0.1289084249392341,0.04000049829483032,0.002914406034241694,0.05,4,900,0.1,1.0,1.0,"{'learning_rate': 0.05, 'max_depth': 4, 'n_estimators': 900, 'reg_alpha': 0.1, 'reg_lambda': 1.0, 'subsample': 1.0}",0.9866005197259626,0.9936530292834966,0.9964714114603177,0.9901198487546965,0.9917112023061183,0.003710854543178951,87
20,5.800729334354401,0.44002946638350027,0.04489344358444214,0.003934976021927606,0.05,4,900,0.1,1.5,0.7,"{'learning_rate': 0.05, 'max_depth': 4, 'n_estimators': 900, 'reg_alpha': 0.1, 'reg_lambda': 1.5, 'subsample': 0.7}",0.9866005197259626,0.9957686798758654,0.9971771221387733,0.9901195731862809,0.9924164737317205,0.004272064266872307,16
21,4.3837363719940186,0.409874416148352,0.06163978576660156,0.04349319221793476,0.05,4,900,0.1,1.5,1.0,"{'learning_rate': 0.05, 'max_depth': 4, 'n_estimators': 900, 'reg_alpha': 0.1, 'reg_lambda': 1.5, 'subsample': 1.0}",0.9858951786975421,0.9936530292834966,0.9950599858856739,0.9894139180456464,0.9910055279780898,0.0036089050982517365,130
22,5.16256844997406,0.22195132585565575,0.045510947704315186,0.006456649181788981,0.05,4,900,0.1,2.0,0.7,"{'learning_rate': 0.05, 'max_depth': 4, 'n_estimators': 900, 'reg_alpha': 0.1, 'reg_lambda': 2.0, 'subsample': 0.7}",0.9858951786975421,0.9957686798758654,0.9964714114603177,0.9908253956395601,0.9922401664183214,0.004260700862497997,28
23,4.640957772731781,0.11185245003110135,0.039012014865875244,0.005208025225121163,0.05,4,900,0.1,2.0,1.0,"{'learning_rate': 0.05, 'max_depth': 4, 'n_estimators': 900, 'reg_alpha': 0.1, 'reg_lambda': 2.0, 'subsample': 1.0}",0.9866005197259626,0.9936530292834966,0.9957656832081598,0.9901195731862809,0.991534701350975,0.003490603699098801,109
24,5.585837483406067,0.2008182850084651,0.03925055265426636,0.0030298838142546903,0.05,4,900,0.5,1.0,0.7,"{'learning_rate': 0.05, 'max_depth': 4, 'n_estimators': 900, 'reg_alpha': 0.5, 'reg_lambda': 1.0, 'subsample': 0.7}",0.9866005197259626,0.9957686798758654,0.9957656832081598,0.9901195731862809,0.9920636139990671,0.003906965680004525,55
25,4.360013842582703,0.29226533845140773,0.031001925468444824,0.0025505646990889148,0.05,4,900,0.5,1.0,1.0,"{'learning_rate': 0.05, 'max_depth': 4, 'n_estimators': 900, 'reg_alpha': 0.5, 'reg_lambda': 1.0, 'subsample': 1.0}",0.9866005197259626,0.9929478138222849,0.9964714114603177,0.9901195731862809,0.9915348295487114,0.0036303143639924533,105
26,5.401197195053101,0.4647694616406673,0.044133126735687256,0.0028373900824146224,0.05,4,900,0.5,1.5,0.7,"{'learning_rate': 0.05, 'max_depth': 4, 'n_estimators': 900, 'reg_alpha': 0.5, 'reg_lambda': 1.5, 'subsample': 0.7}",0.9866005197259626,0.9957686798758654,0.997177133385926,0.9908253956395601,0.9925929321568285,0.004187286309929728,9
27,5.055432915687561,0.25774397686578365,0.03739041090011597,0.0026049656742637493,0.05,4,900,0.5,1.5,1.0,"{'learning_rate': 0.05, 'max_depth': 4, 'n_estimators': 900, 'reg_alpha': 0.5, 'reg_lambda': 1.5, 'subsample': 1.0}",0.987305837603845,0.9936530292834966,0.9957656832081598,0.9901195731862809,0.9917110308204455,0.0032461526724960926,92
28,5.717039406299591,0.5283946728584924,0.049011409282684326,0.004813350158468148,0.05,4,900,0.5,2.0,0.7,"{'learning_rate': 0.05, 'max_depth': 4, 'n_estimators': 900, 'reg_alpha': 0.5, 'reg_lambda': 2.0, 'subsample': 0.7}",0.9866005197259626,0.9957686798758654,0.997177133385926,0.9908253956395601,0.9925929321568285,0.004187286309929728,9
29,5.1835309863090515,0.48903618227305523,0.04213148355484009,0.0034731157521087452,0.05,4,900,0.5,2.0,1.0,"{'learning_rate': 0.05, 'max_depth': 4, 'n_estimators': 900, 'reg_alpha': 0.5, 'reg_lambda': 2.0, 'subsample': 1.0}",0.987305837603845,0.9929478138222849,0.9950599760444447,0.9908253956395601,0.9915347557775338,0.002864037870436449,108
30,5.599873304367065,0.36654637726595013,0.0518832802772522,0.009131726861166941,0.05,4,900,1.0,1.0,0.7,"{'learning_rate': 0.05, 'max_depth': 4, 'n_estimators': 900, 'reg_alpha': 1.0, 'reg_lambda': 1.0, 'subsample': 0.7}",0.987305837603845,0.9950634475795923,0.997177133385926,0.9901197306558291,0.9924165373062981,0.003907172291649379,15
31,3.8353158831596375,0.3865604480682627,0.027501821517944336,0.010115532736361408,0.05,4,900,1.0,1.0,1.0,"{'learning_rate': 0.05, 'max_depth': 4, 'n_estimators': 900, 'reg_alpha': 1.0, 'reg_lambda': 1.0, 'subsample': 1.0}",0.9873059638694429,0.9929478138222849,0.9957657000788889,0.988002225333439,0.9910054257760139,0.003504936306745121,131
32,5.511007785797119,0.2525316960554154,0.04212850332260132,0.006112449807050126,0.05,4,900,1.0,1.5,0.7,"{'learning_rate': 0.05, 'max_depth': 4, 'n_estimators': 900, 'reg_alpha': 1.0, 'reg_lambda': 1.5, 'subsample': 0.7}",0.9866005197259626,0.9943582398344872,0.997177133385926,0.9901197306558291,0.9920639059005513,0.004032290583293748,44
33,3.495226800441742,0.12783474076338266,0.024750173091888428,0.005117190777767312,0.05,4,900,1.0,1.5,1.0,"{'learning_rate': 0.05, 'max_depth': 4, 'n_estimators': 900, 'reg_alpha': 1.0, 'reg_lambda': 1.5, 'subsample': 1.0}",0.9844849126269217,0.9929478138222849,0.9964714114603177,0.9872963410115112,0.9903001197302589,0.004688668410869613,141
34,5.609685063362122,0.45854232572620324,0.04588139057159424,0.011866840530143854,0.05,4,900,1.0,2.0,0.7,"{'learning_rate': 0.05, 'max_depth': 4, 'n_estimators': 900, 'reg_alpha': 1.0, 'reg_lambda': 2.0, 'subsample': 0.7}",0.9866005197259626,0.9943582398344872,0.997177133385926,0.9894139180456464,0.9918874527480056,0.004127818575872054,77
35,3.7668768763542175,0.11896133042335282,0.025883793830871582,0.002414386507408792,0.05,4,900,1.0,2.0,1.0,"{'learning_rate': 0.05, 'max_depth': 4, 'n_estimators': 900, 'reg_alpha': 1.0, 'reg_lambda': 2.0, 'subsample': 1.0}",0.9844849126269217,0.9936530292834966,0.9943542667718518,0.9872963410115112,0.9899471374234453,0.004183869169717794,143
36,5.715315461158752,0.6026002147154705,0.049629926681518555,0.008239607792911679,0.05,8,750,0.1,1.0,0.7,"{'learning_rate': 0.05, 'max_depth': 8, 'n_estimators': 750, 'reg_alpha': 0.1, 'reg_lambda': 1.0, 'subsample': 0.7}",0.9880111344363328,0.9922425604822165,0.9964713903718013,0.9908253956395601,0.9918876202324776,0.0030533749558706185,63
37,5.456377744674683,0.6306079509599892,0.0832662582397461,0.019834009104130156,0.05,8,750,0.1,1.0,1.0,"{'learning_rate': 0.05, 'max_depth': 8, 'n_estimators': 750, 'reg_alpha': 0.1, 'reg_lambda': 1.0, 'subsample': 1.0}",0.9887164123283938,0.9929477997931089,0.9950599858856739,0.9915311977049964,0.9920638489280433,0.002304737236368632,47
38,5.826100587844849,0.9035840643529987,0.04251152276992798,0.0019752959665137355,0.05,8,750,0.1,1.5,0.7,"{'learning_rate': 0.05, 'max_depth': 8, 'n_estimators': 750, 'reg_alpha': 0.1, 'reg_lambda': 1.5, 'subsample': 0.7}",0.987305837603845,0.9929477997931089,0.9964713903718013,0.9908253956395601,0.9918876058520789,0.003326258503632377,67
39,5.160320460796356,0.1869973846218611,0.04413914680480957,0.004579582592401156,0.05,8,750,0.1,1.5,1.0,"{'learning_rate': 0.05, 'max_depth': 8, 'n_estimators': 750, 'reg_alpha': 0.1, 'reg_lambda': 1.5, 'subsample': 1.0}",0.9887164123283938,0.9922425913464957,0.9957657000788889,0.9915310627310978,0.9920639416212191,0.002511217019750157,40
40,6.0411476492881775,0.5040957033824077,0.055760741233825684,0.014617563172854136,0.05,8,750,0.1,2.0,0.7,"{'learning_rate': 0.05, 'max_depth': 8, 'n_estimators': 750, 'reg_alpha': 0.1, 'reg_lambda': 2.0, 'subsample': 0.7}",0.987305837603845,0.9936530040309044,0.9964713903718013,0.9901195731862809,0.9918874512982079,0.003472976063312003,78
41,6.233831822872162,1.0957049535336667,0.07576936483383179,0.035046015939582315,0.05,8,750,0.1,2.0,1.0,"{'learning_rate': 0.05, 'max_depth': 8, 'n_estimators': 750, 'reg_alpha': 0.1, 'reg_lambda': 2.0, 'subsample': 1.0}",0.9887164123283938,0.9929477997931089,0.9964714184897671,0.9915311977049964,0.9924167070790666,0.0027928055870574,12
42,7.005480349063873,1.1869717267611655,0.11341595649719238,0.007468498525583421,0.05,8,750,0.5,1.0,0.7,"{'learning_rate': 0.05, 'max_depth': 8, 'n_estimators': 750, 'reg_alpha': 0.5, 'reg_lambda': 1.0, 'subsample': 0.7}",0.987305837603845,0.9936530040309044,0.9964713903718013,0.9908253956395601,0.9920639069115278,0.0033957426954533605,43
43,5.756665050983429,1.045445573381356,0.07935374975204468,0.03255799422781359,0.05,8,750,0.5,1.0,1.0,"{'learning_rate': 0.05, 'max_depth': 8, 'n_estimators': 750, 'reg_alpha': 0.5, 'reg_lambda': 1.0, 'subsample': 1.0}",0.9887164123283938,0.9922425913464957,0.9950599760444447,0.9915311977049964,0.9918875443560827,0.002256847494598365,70
44,8.46529996395111,0.6225319501074125,0.11439496278762817,0.008395120249602405,0.05,8,750,0.5,1.5,0.7,"{'learning_rate': 0.05, 'max_depth': 8, 'n_estimators': 750, 'reg_alpha': 0.5, 'reg_lambda': 1.5, 'subsample': 0.7}",0.987305837603845,0.9943582061641969,0.9971771221387733,0.9901195731862809,0.992240184773274,0.003798162077064748,26
45,9.329453110694885,0.8088030725080166,0.0913923978805542,0.006988005192020829,0.05,8,750,0.5,1.5,1.0,"{'learning_rate': 0.05, 'max_depth': 8, 'n_estimators': 750, 'reg_alpha': 0.5, 'reg_lambda': 1.5, 'subsample': 1.0}",0.9887164123283938,0.9922425913464957,0.9950599858856739,0.9908253956395601,0.9917110963000308,0.0023048940426396735,88
46,11.476417005062103,0.6365756019298512,0.13594120740890503,0.03925092427153465,0.05,8,750,0.5,2.0,0.7,"{'learning_rate': 0.05, 'max_depth': 8, 'n_estimators': 750, 'reg_alpha': 0.5, 'reg_lambda': 2.0, 'subsample': 0.7}",0.987305837603845,0.9936529535251174,0.9964714114603177,0.9908253956395601,0.9920638995572102,0.0033957436297169007,46
47,11.403459966182709,0.7257523886190546,0.11349684000015259,0.010943006411571124,0.05,8,750,0.5,2.0,1.0,"{'learning_rate': 0.05, 'max_depth': 8, 'n_estimators': 750, 'reg_alpha': 0.5, 'reg_lambda': 2.0, 'subsample': 1.0}",0.9887164123283938,0.9915373765867419,0.9957657000788889,0.9908253956395601,0.9917112211583963,0.00256039977493236,85
48,11.430216491222382,0.1877036513691673,0.0661541223526001,0.037885303354100196,0.05,8,750,1.0,1.0,0.7,"{'learning_rate': 0.05, 'max_depth': 8, 'n_estimators': 750, 'reg_alpha': 1.0, 'reg_lambda': 1.0, 'subsample': 0.7}",0.9880111344363328,0.9936529535251174,0.9964714114603177,0.9901197306558291,0.9920638075193993,0.0032463807346478015,49
49,7.300264239311218,0.5039244044253305,0.09138566255569458,0.025062088084606957,0.05,8,750,1.0,1.0,1.0,"{'learning_rate': 0.05, 'max_depth': 8, 'n_estimators': 750, 'reg_alpha': 1.0, 'reg_lambda': 1.0, 'subsample': 1.0}",0.9887164796689742,0.9922425604822165,0.9943542667718518,0.9901197306558291,0.9913582593947179,0.002137229642176728,121
50,8.915368020534515,0.4095481869789297,0.04401266574859619,0.004828775123443347,0.05,8,750,1.0,1.5,0.7,"{'learning_rate': 0.05, 'max_depth': 8, 'n_estimators': 750, 'reg_alpha': 1.0, 'reg_lambda': 1.5, 'subsample': 0.7}",0.9873059638694429,0.9936529535251174,0.9964714114603177,0.9894139180456464,0.9917110617251311,0.0035746898315284093,90
51,5.971701800823212,0.42516901000687174,0.030759215354919434,0.006562049393723909,0.05,8,750,1.0,1.5,1.0,"{'learning_rate': 0.05, 'max_depth': 8, 'n_estimators': 750, 'reg_alpha': 1.0, 'reg_lambda': 1.5, 'subsample': 1.0}",0.9887164796689742,0.9929477997931089,0.9943542667718518,0.9901197306558291,0.991534569222441,0.00222998384618332,111
52,6.742145478725433,0.6510687094813062,0.04238206148147583,0.0022156825446716325,0.05,8,750,1.0,2.0,0.7,"{'learning_rate': 0.05, 'max_depth': 8, 'n_estimators': 750, 'reg_alpha': 1.0, 'reg_lambda': 2.0, 'subsample': 0.7}",0.9880111344363328,0.9936529535251174,0.9964714114603177,0.9901197306558291,0.9920638075193993,0.0032463807346478015,49
53,4.384696543216705,0.4745215114053917,0.030749976634979248,0.005215205974473621,0.05,8,750,1.0,2.0,1.0,"{'learning_rate': 0.05, 'max_depth': 8, 'n_estimators': 750, 'reg_alpha': 1.0, 'reg_lambda': 2.0, 'subsample': 1.0}",0.9894216733848407,0.9929477997931089,0.9950599760444447,0.9901197306558291,0.9918872949695559,0.0022579940813646383,82
54,5.5253759026527405,0.2709871125227292,0.05413031578063965,0.008038286861883464,0.05,8,900,0.1,1.0,0.7,"{'learning_rate': 0.05, 'max_depth': 8, 'n_estimators': 900, 'reg_alpha': 0.1, 'reg_lambda': 1.0, 'subsample': 0.7}",0.9880111344363328,0.9922425604822165,0.9971771221387733,0.9908253956395601,0.9920640531742206,0.0033217375678766805,35
55,5.869841933250427,0.18362104564138496,0.050379395484924316,0.0073759058518762756,0.05,8,900,0.1,1.0,1.0,"{'learning_rate': 0.05, 'max_depth': 8, 'n_estimators': 900, 'reg_alpha': 0.1, 'reg_lambda': 1.0, 'subsample': 1.0}",0.9887164123283938,0.9943582398344872,0.9957657000788889,0.9915311977049964,0.9925928874866916,0.0027082029790309763,11
56,6.037368357181549,0.38905349123746613,0.048014700412750244,0.0023142087214240293,0.05,8,900,0.1,1.5,0.7,"{'learning_rate': 0.05, 'max_depth': 8, 'n_estimators': 900, 'reg_alpha': 0.1, 'reg_lambda': 1.5, 'subsample': 0.7}",0.987305837603845,0.9929477997931089,0.9964713903718013,0.9908253956395601,0.9918876058520789,0.003326258503632377,67
57,5.888695061206818,0.43936902464764915,0.046762824058532715,0.0057163932180925425,0.05,8,900,0.1,1.5,1.0,"{'learning_rate': 0.05, 'max_depth': 8, 'n_estimators': 900, 'reg_alpha': 0.1, 'reg_lambda': 1.5, 'subsample': 1.0}",0.9887164123283938,0.9929477997931089,0.9957657000788889,0.9908253956395601,0.992063826959988,0.002608839272998837,48
58,6.269639611244202,0.6565591434312709,0.0535120964050293,0.007653522965155018,0.05,8,900,0.1,2.0,0.7,"{'learning_rate': 0.05, 'max_depth': 8, 'n_estimators': 900, 'reg_alpha': 0.1, 'reg_lambda': 2.0, 'subsample': 0.7}",0.987305837603845,0.9936530040309044,0.9964713903718013,0.9901195731862809,0.9918874512982079,0.003472976063312003,78
59,6.479066729545593,0.6199411572982751,0.04901278018951416,0.003932512804063428,0.05,8,900,0.1,2.0,1.0,"{'learning_rate': 0.05, 'max_depth': 8, 'n_estimators': 900, 'reg_alpha': 0.1, 'reg_lambda': 2.0, 'subsample': 1.0}",0.9887164123283938,0.9929477997931089,0.9964714184897671,0.9908253956395601,0.9922402565627075,0.0028645531193992836,22
60,6.280263721942902,0.47969885297171444,0.047013938426971436,0.0028953175217511294,0.05,8,900,0.5,1.0,0.7,"{'learning_rate': 0.05, 'max_depth': 8, 'n_estimators': 900, 'reg_alpha': 0.5, 'reg_lambda': 1.0, 'subsample': 0.7}",0.987305837603845,0.9943582061641969,0.9964713903718013,0.9915311977049964,0.9924166579612099,0.0034320179536466303,14
61,4.98045289516449,0.6620887675004078,0.03888046741485596,0.004568054197060617,0.05,8,900,0.5,1.0,1.0,"{'learning_rate': 0.05, 'max_depth': 8, 'n_estimators': 900, 'reg_alpha': 0.5, 'reg_lambda': 1.0, 'subsample': 1.0}",0.9887164123283938,0.9922425913464957,0.9950599760444447,0.9915311977049964,0.9918875443560827,0.002256847494598365,70
62,6.1732518672943115,0.26340671623404643,0.05038189888000488,0.005172136370538714,0.05,8,900,0.5,1.5,0.7,"{'learning_rate': 0.05, 'max_depth': 8, 'n_estimators': 900, 'reg_alpha': 0.5, 'reg_lambda': 1.5, 'subsample': 0.7}",0.987305837603845,0.9943582061641969,0.9971771221387733,0.9901195731862809,0.992240184773274,0.003798162077064748,26
63,5.194263696670532,0.40534032619776644,0.03613293170928955,0.002561726655940608,0.05,8,900,0.5,1.5,1.0,"{'learning_rate': 0.05, 'max_depth': 8, 'n_estimators': 900, 'reg_alpha': 0.5, 'reg_lambda': 1.5, 'subsample': 1.0}",0.9887164123283938,0.9922425913464957,0.9950599858856739,0.9908253956395601,0.9917110963000308,0.0023048940426396735,88
64,6.272141456604004,0.4666460670897796,0.04901546239852905,0.003370638137678589,0.05,8,900,0.5,2.0,0.7,"{'learning_rate': 0.05, 'max_depth': 8, 'n_estimators': 900, 'reg_alpha': 0.5, 'reg_lambda': 2.0, 'subsample': 0.7}",0.987305837603845,0.9936530040309044,0.9964714114603177,0.9908253956395601,0.9920639121836567,0.003395749538386453,42
65,5.124491393566132,0.40397464994529614,0.04238098859786987,0.008592408978209535,0.05,8,900,0.5,2.0,1.0,"{'learning_rate': 0.05, 'max_depth': 8, 'n_estimators': 900, 'reg_alpha': 0.5, 'reg_lambda': 2.0, 'subsample': 1.0}",0.9887164123283938,0.9915373765867419,0.9957657000788889,0.9908253956395601,0.9917112211583963,0.00256039977493236,85
66,6.223173141479492,0.663596261016226,0.051129162311553955,0.006040166369594078,0.05,8,900,1.0,1.0,0.7,"{'learning_rate': 0.05, 'max_depth': 8, 'n_estimators': 900, 'reg_alpha': 1.0, 'reg_lambda': 1.0, 'subsample': 0.7}",0.9880111344363328,0.9936529535251174,0.9964714114603177,0.9908255235816565,0.9922402557508561,0.003153780582199544,23
67,3.529231071472168,0.38789235830018015,0.0275118350982666,0.007818314111557345,0.05,8,900,1.0,1.0,1.0,"{'learning_rate': 0.05, 'max_depth': 8, 'n_estimators': 900, 'reg_alpha': 1.0, 'reg_lambda': 1.0, 'subsample': 1.0}",0.9887164796689742,0.9922425604822165,0.9943542667718518,0.9901197306558291,0.9913582593947179,0.002137229642176728,121
68,6.074679911136627,0.31517139054090015,0.04951399564743042,0.0042620238036747745,0.05,8,900,1.0,1.5,0.7,"{'learning_rate': 0.05, 'max_depth': 8, 'n_estimators': 900, 'reg_alpha': 1.0, 'reg_lambda': 1.5, 'subsample': 0.7}",0.9880111344363328,0.9936529535251174,0.9964714114603177,0.9901195731862809,0.9920637681520121,0.00324640431021685,52
69,4.075946807861328,0.09889367141308553,0.032250285148620605,0.012791702791795806,0.05,8,900,1.0,1.5,1.0,"{'learning_rate': 0.05, 'max_depth': 8, 'n_estimators': 900, 'reg_alpha': 1.0, 'reg_lambda': 1.5, 'subsample': 1.0}",0.9887164796689742,0.9929477997931089,0.9943542667718518,0.9901197306558291,0.991534569222441,0.00222998384618332,111
70,8.091850399971008,0.2592041659028851,0.12243247032165527,0.005154465334011009,0.05,8,900,1.0,2.0,0.7,"{'learning_rate': 0.05, 'max_depth': 8, 'n_estimators': 900, 'reg_alpha': 1.0, 'reg_lambda': 2.0, 'subsample': 0.7}",0.987305837603845,0.9943582061641969,0.9964714114603177,0.9908253956395601,0.99224021271698,0.003490655531836424,25
71,4.547696769237518,0.4591208296776768,0.03163111209869385,0.0014755297045702907,0.05,8,900,1.0,2.0,1.0,"{'learning_rate': 0.05, 'max_depth': 8, 'n_estimators': 900, 'reg_alpha': 1.0, 'reg_lambda': 2.0, 'subsample': 1.0}",0.9894216733848407,0.9929477997931089,0.9950599760444447,0.9901197306558291,0.9918872949695559,0.0022579940813646383,82
72,4.368342399597168,0.9486274073356988,0.06424564123153687,0.030735362662893898,0.1,4,750,0.1,1.0,0.7,"{'learning_rate': 0.1, 'max_depth': 4, 'n_estimators': 750, 'reg_alpha': 0.1, 'reg_lambda': 1.0, 'subsample': 0.7}",0.9858951786975421,0.9957686798758654,0.9964713903718013,0.9901195731862809,0.9920637055328725,0.004329690936453032,53
73,4.002782225608826,0.701453889963543,0.06913429498672485,0.023783170451960652,0.1,4,750,0.1,1.0,1.0,"{'learning_rate': 0.1, 'max_depth': 4, 'n_estimators': 750, 'reg_alpha': 0.1, 'reg_lambda': 1.0, 'subsample': 1.0}",0.985189812413243,0.9943582510578279,0.997177133385926,0.9908253956395601,0.9918876481241392,0.004474145637486605,61
74,5.874345004558563,0.7233804487374219,0.08309155702590942,0.0040244718380973606,0.1,4,750,0.1,1.5,0.7,"{'learning_rate': 0.1, 'max_depth': 4, 'n_estimators': 750, 'reg_alpha': 0.1, 'reg_lambda': 1.5, 'subsample': 0.7}",0.984484418767507,0.9957686798758654,0.9964713903718013,0.9901195731862809,0.9917110155503637,0.004844641320036453,93
75,5.832327365875244,0.5366081869762128,0.07283651828765869,0.0021758270535841826,0.1,4,750,0.1,1.5,1.0,"{'learning_rate': 0.1, 'max_depth': 4, 'n_estimators': 750, 'reg_alpha': 0.1, 'reg_lambda': 1.5, 'subsample': 1.0}",0.9858951786975421,0.9936530292834966,0.997177133385926,0.9908253956395601,0.9918876842516311,0.004127144749610456,60
76,8.046006917953491,0.38396922079177837,0.09017390012741089,0.009158193947552016,0.1,4,750,0.1,2.0,0.7,"{'learning_rate': 0.1, 'max_depth': 4, 'n_estimators': 750, 'reg_alpha': 0.1, 'reg_lambda': 2.0, 'subsample': 0.7}",0.9851895177715342,0.9957686798758654,0.9964713903718013,0.9894137282353872,0.9917108290636469,0.00466190064155027,98
77,7.322642385959625,0.05419229195161925,0.08244353532791138,0.004631753813211192,0.1,4,750,0.1,2.0,1.0,"{'learning_rate': 0.1, 'max_depth': 4, 'n_estimators': 750, 'reg_alpha': 0.1, 'reg_lambda': 2.0, 'subsample': 1.0}",0.9858951786975421,0.9943582510578279,0.9964714184897671,0.9908253956395601,0.9918875609711744,0.004004775267105288,69
78,8.361352503299713,0.09741547020889221,0.08397287130355835,0.010458403939659402,0.1,4,750,0.5,1.0,0.7,"{'learning_rate': 0.1, 'max_depth': 4, 'n_estimators': 750, 'reg_alpha': 0.5, 'reg_lambda': 1.0, 'subsample': 0.7}",0.985189812413243,0.9950634475795923,0.9971771221387733,0.9901195731862809,0.9918874888294724,0.00463819279534836,76
79,5.277492642402649,0.21827825051499514,0.05679970979690552,0.0044958257430384495,0.1,4,750,0.5,1.0,1.0,"{'learning_rate': 0.1, 'max_depth': 4, 'n_estimators': 750, 'reg_alpha': 0.5, 'reg_lambda': 1.0, 'subsample': 1.0}",0.987305837603845,0.9929477997931089,0.9950599760444447,0.9894137282353872,0.9911818354191966,0.003012812928028215,128
80,8.630196213722229,0.07713235350138527,0.08212852478027344,0.004757637850353386,0.1,4,750,0.5,1.5,0.7,"{'learning_rate': 0.1, 'max_depth': 4, 'n_estimators': 750, 'reg_alpha': 0.5, 'reg_lambda': 1.5, 'subsample': 0.7}",0.9858951786975421,0.9957686798758654,0.997177133385926,0.9901195731862809,0.9922401412864035,0.004516077802955172,29
81,5.852112293243408,0.1918847823349524,0.05602586269378662,0.0053632238926579435,0.1,4,750,0.5,1.5,1.0,"{'learning_rate': 0.1, 'max_depth': 4, 'n_estimators': 750, 'reg_alpha': 0.5, 'reg_lambda': 1.5, 'subsample': 1.0}",0.9858951786975421,0.9936530292834966,0.9964714114603177,0.9901195731862809,0.9915347981569094,0.003958068448656369,106
82,8.60049057006836,0.07763801122662395,0.082294762134552,0.006278674526363024,0.1,4,750,0.5,2.0,0.7,"{'learning_rate': 0.1, 'max_depth': 4, 'n_estimators': 750, 'reg_alpha': 0.5, 'reg_lambda': 2.0, 'subsample': 0.7}",0.9866003064691244,0.9957686798758654,0.9957656832081598,0.9901195731862809,0.9920635606848576,0.003907040229427659,56
83,6.0417797565460205,0.16424665083746276,0.06354999542236328,0.014610128655288612,0.1,4,750,0.5,2.0,1.0,"{'learning_rate': 0.1, 'max_depth': 4, 'n_estimators': 750, 'reg_alpha': 0.5, 'reg_lambda': 2.0, 'subsample': 1.0}",0.9866005197259626,0.9936530292834966,0.9943542667718518,0.9894137282353872,0.9910053860041745,0.003168644769950063,133
84,8.294269442558289,0.210349726751763,0.09229797124862671,0.006292249358238657,0.1,4,750,1.0,1.0,0.7,"{'learning_rate': 0.1, 'max_depth': 4, 'n_estimators': 750, 'reg_alpha': 1.0, 'reg_lambda': 1.0, 'subsample': 0.7}",0.9858951786975421,0.9950634475795923,0.9957656832081598,0.9901195731862809,0.9917109706678937,0.004001117887995616,94
85,4.250803291797638,0.13388237107897774,0.043515801429748535,0.008632856602068674,0.1,4,750,1.0,1.0,1.0,"{'learning_rate': 0.1, 'max_depth': 4, 'n_estimators': 750, 'reg_alpha': 1.0, 'reg_lambda': 1.0, 'subsample': 1.0}",0.9866006796641367,0.9929478138222849,0.9950599760444447,0.9872963410115112,0.9904762026355944,0.0036142440002188128,137
86,8.79675567150116,0.09707682125479439,0.08524960279464722,0.0031228292994834373,0.1,4,750,1.0,1.5,0.7,"{'learning_rate': 0.1, 'max_depth': 4, 'n_estimators': 750, 'reg_alpha': 1.0, 'reg_lambda': 1.5, 'subsample': 0.7}",0.9858951786975421,0.9950634475795923,0.9957656832081598,0.9901195731862809,0.9917109706678937,0.004001117887995616,94
87,4.813719689846039,0.09178364731356324,0.05325043201446533,0.005717170748288179,0.1,4,750,1.0,1.5,1.0,"{'learning_rate': 0.1, 'max_depth': 4, 'n_estimators': 750, 'reg_alpha': 1.0, 'reg_lambda': 1.5, 'subsample': 1.0}",0.9858955154104921,0.9929478138222849,0.9950599760444447,0.988002225333439,0.9904763826526651,0.0036818167912739752,135
88,8.947052955627441,0.10111131879274496,0.08211159706115723,0.005269551962629791,0.1,4,750,1.0,2.0,0.7,"{'learning_rate': 0.1, 'max_depth': 4, 'n_estimators': 750, 'reg_alpha': 1.0, 'reg_lambda': 2.0, 'subsample': 0.7}",0.988010991333756,0.9957686798758654,0.995059946520522,0.9908253956395601,0.9924162533424259,0.003168794679283372,20
89,5.127492308616638,0.19743267286548213,0.05048137903213501,0.008106813889126619,0.1,4,750,1.0,2.0,1.0,"{'learning_rate': 0.1, 'max_depth': 4, 'n_estimators': 750, 'reg_alpha': 1.0, 'reg_lambda': 2.0, 'subsample': 1.0}",0.9880112775354934,0.9922425913464957,0.9943542667718518,0.9872963410115112,0.990476119166338,0.0029303108279021225,139
90,9.889513909816742,0.0595482700411193,0.08591943979263306,0.0009653292597924439,0.1,4,900,0.1,1.0,0.7,"{'learning_rate': 0.1, 'max_depth': 4, 'n_estimators': 900, 'reg_alpha': 0.1, 'reg_lambda': 1.0, 'subsample': 0.7}",0.984484418767507,0.996473905157498,0.9964713903718013,0.9901195731862809,0.9918873218707718,0.004999458471576044,81
91,8.755076467990875,0.09049311048369753,0.08381670713424683,0.003490805808598884,0.1,4,900,0.1,1.0,1.0,"{'learning_rate': 0.1, 'max_depth': 4, 'n_estimators': 900, 'reg_alpha': 0.1, 'reg_lambda': 1.0, 'subsample': 1.0}",0.985189812413243,0.9943582510578279,0.997177133385926,0.9908253956395601,0.9918876481241392,0.004474145637486605,61
92,9.80721652507782,0.15882588855938667,0.10252499580383301,0.008136937026679565,0.1,4,900,0.1,1.5,0.7,"{'learning_rate': 0.1, 'max_depth': 4, 'n_estimators': 900, 'reg_alpha': 0.1, 'reg_lambda': 1.5, 'subsample': 0.7}",0.9837789956545375,0.9957686798758654,0.9964713903718013,0.9901195731862809,0.9915346597721213,0.005110064363658449,110
93,8.726218700408936,0.09919058538928792,0.09253549575805664,0.005157785070020866,0.1,4,900,0.1,1.5,1.0,"{'learning_rate': 0.1, 'max_depth': 4, 'n_estimators': 900, 'reg_alpha': 0.1, 'reg_lambda': 1.5, 'subsample': 1.0}",0.9858951786975421,0.9936530292834966,0.9978828510938604,0.9908253956395601,0.9920641136786148,0.004358111376731868,33
94,9.957557737827301,0.13146016973881547,0.10725998878479004,0.008784480144255393,0.1,4,900,0.1,2.0,0.7,"{'learning_rate': 0.1, 'max_depth': 4, 'n_estimators': 900, 'reg_alpha': 0.1, 'reg_lambda': 2.0, 'subsample': 0.7}",0.9851895177715342,0.9957686798758654,0.9957656832081598,0.9901195731862809,0.9917108635104601,0.004414962955072168,96
95,8.975801587104797,0.03918128573975312,0.08501464128494263,0.007773877819642845,0.1,4,900,0.1,2.0,1.0,"{'learning_rate': 0.1, 'max_depth': 4, 'n_estimators': 900, 'reg_alpha': 0.1, 'reg_lambda': 2.0, 'subsample': 1.0}",0.9858951786975421,0.9943582510578279,0.997177133385926,0.9908253956395601,0.9920639896952139,0.004212962673747243,37
96,9.478533029556274,0.1015611894635494,0.03788042068481445,0.00505701847566131,0.1,4,900,0.5,1.0,0.7,"{'learning_rate': 0.1, 'max_depth': 4, 'n_estimators': 900, 'reg_alpha': 0.5, 'reg_lambda': 1.0, 'subsample': 0.7}",0.985189812413243,0.9957686798758654,0.9964714114603177,0.9908252311373356,0.9920637837216905,0.004526006292779196,51
97,5.973168253898621,0.11608779807230869,0.05041611194610596,0.0035459373869978807,0.1,4,900,0.5,1.0,1.0,"{'learning_rate': 0.1, 'max_depth': 4, 'n_estimators': 900, 'reg_alpha': 0.5, 'reg_lambda': 1.0, 'subsample': 1.0}",0.987305837603845,0.9929477997931089,0.9950599760444447,0.9894137282353872,0.9911818354191966,0.003012812928028215,128
98,7.617113769054413,0.21282501091916997,0.03913205862045288,0.0025688644741785165,0.1,4,900,0.5,1.5,0.7,"{'learning_rate': 0.1, 'max_depth': 4, 'n_estimators': 900, 'reg_alpha': 0.5, 'reg_lambda': 1.5, 'subsample': 0.7}",0.9858951786975421,0.9957686798758654,0.9971771221387733,0.9901195731862809,0.9922401384746153,0.004516074729100066,30
99,3.920604944229126,0.09375570056994413,0.024752259254455566,0.0032726931742272213,0.1,4,900,0.5,1.5,1.0,"{'learning_rate': 0.1, 'max_depth': 4, 'n_estimators': 900, 'reg_alpha': 0.5, 'reg_lambda': 1.5, 'subsample': 1.0}",0.9858951786975421,0.9936530292834966,0.9964714114603177,0.9901195731862809,0.9915347981569094,0.003958068448656369,106
100,5.402159810066223,0.5889325892834578,0.04301387071609497,0.0073813706351680925,0.1,4,900,0.5,2.0,0.7,"{'learning_rate': 0.1, 'max_depth': 4, 'n_estimators': 900, 'reg_alpha': 0.5, 'reg_lambda': 2.0, 'subsample': 0.7}",0.9858949261522791,0.9957686798758654,0.9964714114603177,0.9901195731862809,0.9920636476686857,0.004329786254515797,54
101,3.2662459015846252,0.49367409496016107,0.02850210666656494,0.006728452312577416,0.1,4,900,0.5,2.0,1.0,"{'learning_rate': 0.1, 'max_depth': 4, 'n_estimators': 900, 'reg_alpha': 0.5, 'reg_lambda': 2.0, 'subsample': 1.0}",0.9866005197259626,0.9936530292834966,0.9943542667718518,0.9894137282353872,0.9910053860041745,0.003168644769950063,133
102,4.641235709190369,0.48962057794232305,0.051891982555389404,0.010945031003027024,0.1,4,900,1.0,1.0,0.7,"{'learning_rate': 0.1, 'max_depth': 4, 'n_estimators': 900, 'reg_alpha': 1.0, 'reg_lambda': 1.0, 'subsample': 0.7}",0.985189812413243,0.9950634475795923,0.9964714114603177,0.9901195731862809,0.9917110611598585,0.004442942405534149,91
103,2.2805747389793396,0.22701125269113237,0.02500230073928833,0.009275492116428597,0.1,4,900,1.0,1.0,1.0,"{'learning_rate': 0.1, 'max_depth': 4, 'n_estimators': 900, 'reg_alpha': 1.0, 'reg_lambda': 1.0, 'subsample': 1.0}",0.9866006796641367,0.9929478138222849,0.9950599760444447,0.9872963410115112,0.9904762026355944,0.0036142440002188128,137
104,4.474481225013733,0.3140881465813762,0.047390878200531006,0.008992699734036378,0.1,4,900,1.0,1.5,0.7,"{'learning_rate': 0.1, 'max_depth': 4, 'n_estimators': 900, 'reg_alpha': 1.0, 'reg_lambda': 1.5, 'subsample': 0.7}",0.985189812413243,0.9957686798758654,0.9964714114603177,0.9915310627310978,0.992240241620131,0.004487877043743098,24
105,2.3144460320472717,0.3519668097918418,0.020878970623016357,0.004975751952879163,0.1,4,900,1.0,1.5,1.0,"{'learning_rate': 0.1, 'max_depth': 4, 'n_estimators': 900, 'reg_alpha': 1.0, 'reg_lambda': 1.5, 'subsample': 1.0}",0.9858955154104921,0.9929478138222849,0.9950599760444447,0.988002225333439,0.9904763826526651,0.0036818167912739752,135
106,4.624474287033081,0.4253802244366917,0.044261395931243896,0.005173987848167602,0.1,4,900,1.0,2.0,0.7,"{'learning_rate': 0.1, 'max_depth': 4, 'n_estimators': 900, 'reg_alpha': 1.0, 'reg_lambda': 2.0, 'subsample': 0.7}",0.9858949261522791,0.9957686798758654,0.9964713903718013,0.9908253956395601,0.9922400980098764,0.004260789649117089,31
107,2.2725571990013123,0.26954370442409187,0.018258988857269287,0.0020165181785118274,0.1,4,900,1.0,2.0,1.0,"{'learning_rate': 0.1, 'max_depth': 4, 'n_estimators': 900, 'reg_alpha': 1.0, 'reg_lambda': 2.0, 'subsample': 1.0}",0.9880112775354934,0.9922425913464957,0.9943542667718518,0.9872963410115112,0.990476119166338,0.0029303108279021225,139
108,4.76251357793808,0.5962687799387825,0.04713207483291626,0.009378247058721825,0.1,8,750,0.1,1.0,0.7,"{'learning_rate': 0.1, 'max_depth': 8, 'n_estimators': 750, 'reg_alpha': 0.1, 'reg_lambda': 1.0, 'subsample': 0.7}",0.9858951786975421,0.9929477577052461,0.9964713903718013,0.9915311977049964,0.9917113811198965,0.003809428822665775,84
109,4.7605196833610535,0.4960506709398699,0.03725308179855347,0.0013016401282867909,0.1,8,750,0.1,1.0,1.0,"{'learning_rate': 0.1, 'max_depth': 8, 'n_estimators': 750, 'reg_alpha': 0.1, 'reg_lambda': 1.0, 'subsample': 1.0}",0.9887164123283938,0.9950634672204972,0.9964714184897671,0.9922368732334741,0.9931220428180331,0.0029656597624118227,1
110,4.7695032954216,0.3674722659084299,0.03938955068588257,0.004778747797666907,0.1,8,750,0.1,1.5,0.7,"{'learning_rate': 0.1, 'max_depth': 8, 'n_estimators': 750, 'reg_alpha': 0.1, 'reg_lambda': 1.5, 'subsample': 0.7}",0.9866005197259626,0.9922425604822165,0.9971771221387733,0.9901197306558291,0.9915349832506954,0.003830348122400943,101
111,4.442181766033173,0.24002383238397998,0.04038131237030029,0.003798721846023782,0.1,8,750,0.1,1.5,1.0,"{'learning_rate': 0.1, 'max_depth': 8, 'n_estimators': 750, 'reg_alpha': 0.1, 'reg_lambda': 1.5, 'subsample': 1.0}",0.9887164123283938,0.9929477997931089,0.9971771221387733,0.9915310627310978,0.9925930992478434,0.003053510331393757,5
112,5.237816751003265,0.393364059747719,0.038250625133514404,0.0022782220243926345,0.1,8,750,0.1,2.0,0.7,"{'learning_rate': 0.1, 'max_depth': 8, 'n_estimators': 750, 'reg_alpha': 0.1, 'reg_lambda': 2.0, 'subsample': 0.7}",0.9866005197259626,0.9943582510578279,0.9964713903718013,0.9915311977049964,0.9922403397151471,0.003697897714093628,21
113,5.13032191991806,0.5308752411645326,0.047386229038238525,0.014572576253774866,0.1,8,750,0.1,2.0,1.0,"{'learning_rate': 0.1, 'max_depth': 8, 'n_estimators': 750, 'reg_alpha': 0.1, 'reg_lambda': 2.0, 'subsample': 1.0}",0.9887164123283938,0.9936530040309044,0.997177133385926,0.9908253956395601,0.992592986346196,0.0031737298481220883,6
114,5.306408703327179,0.8111524860668025,0.06254029273986816,0.031847927162585776,0.1,8,750,0.5,1.0,0.7,"{'learning_rate': 0.1, 'max_depth': 8, 'n_estimators': 750, 'reg_alpha': 0.5, 'reg_lambda': 1.0, 'subsample': 0.7}",0.987305837603845,0.9915373092462954,0.9964713903718013,0.9908253956395601,0.9915349832153755,0.0032694536300317376,102
115,2.7805911898612976,0.2822989320752121,0.02476322650909424,0.0031060906280936636,0.1,8,750,0.5,1.0,1.0,"{'learning_rate': 0.1, 'max_depth': 8, 'n_estimators': 750, 'reg_alpha': 0.5, 'reg_lambda': 1.0, 'subsample': 1.0}",0.9887164123283938,0.9922425913464957,0.9957657000788889,0.9908253956395601,0.9918875248483348,0.0025666314698091336,72
116,5.179410696029663,0.7132096255252007,0.08528459072113037,0.04581325566179745,0.1,8,750,0.5,1.5,0.7,"{'learning_rate': 0.1, 'max_depth': 8, 'n_estimators': 750, 'reg_alpha': 0.5, 'reg_lambda': 1.5, 'subsample': 0.7}",0.987305837603845,0.9915373092462954,0.9964713903718013,0.9908253956395601,0.9915349832153755,0.0032694536300317376,102
117,3.49271696805954,0.5203766936924252,0.06306737661361694,0.023761834503176673,0.1,8,750,0.5,1.5,1.0,"{'learning_rate': 0.1, 'max_depth': 8, 'n_estimators': 750, 'reg_alpha': 0.5, 'reg_lambda': 1.5, 'subsample': 1.0}",0.9887164123283938,0.9922425913464957,0.9964714114603177,0.9908253956395601,0.9920639526936919,0.002837148860274256,38
118,8.529877066612244,0.7723626701658146,0.11521285772323608,0.01767571557881714,0.1,8,750,0.5,2.0,0.7,"{'learning_rate': 0.1, 'max_depth': 8, 'n_estimators': 750, 'reg_alpha': 0.5, 'reg_lambda': 2.0, 'subsample': 0.7}",0.987305837603845,0.9929477577052461,0.9957656832081598,0.992236981492171,0.9920640650023556,0.0030476842939791966,34
119,4.44379448890686,0.4925502244371357,0.0878530740737915,0.014032025665902585,0.1,8,750,0.5,2.0,1.0,"{'learning_rate': 0.1, 'max_depth': 8, 'n_estimators': 750, 'reg_alpha': 0.5, 'reg_lambda': 2.0, 'subsample': 1.0}",0.9887164123283938,0.9922425604822165,0.9957657000788889,0.9908253956395601,0.9918875171322648,0.002566630402406516,74
120,9.583262026309967,0.38973582241169774,0.08583235740661621,0.009071504735049713,0.1,8,750,1.0,1.0,0.7,"{'learning_rate': 0.1, 'max_depth': 8, 'n_estimators': 750, 'reg_alpha': 1.0, 'reg_lambda': 1.0, 'subsample': 0.7}",0.9866006796641367,0.9922425604822165,0.9964714114603177,0.9908253956395601,0.9915350118115578,0.0035256153883493195,99
121,5.598885774612427,0.2171651035453662,0.05405455827713013,0.001687421523047309,0.1,8,750,1.0,1.0,1.0,"{'learning_rate': 0.1, 'max_depth': 8, 'n_estimators': 750, 'reg_alpha': 1.0, 'reg_lambda': 1.0, 'subsample': 1.0}",0.9887164796689742,0.9915373597517307,0.9943542667718518,0.9901197306558291,0.9911819592120965,0.002085471390390973,126
122,10.172709882259369,0.2876113835741702,0.10453951358795166,0.011355550368178093,0.1,8,750,1.0,1.5,0.7,"{'learning_rate': 0.1, 'max_depth': 8, 'n_estimators': 750, 'reg_alpha': 1.0, 'reg_lambda': 1.5, 'subsample': 0.7}",0.987305837603845,0.9929477577052461,0.9957656832081598,0.9915311977049964,0.9918876190555619,0.0030529916876178573,64
123,5.301140546798706,0.18738982449709532,0.04364216327667236,0.0014477308795402635,0.1,8,750,1.0,1.5,1.0,"{'learning_rate': 0.1, 'max_depth': 8, 'n_estimators': 750, 'reg_alpha': 1.0, 'reg_lambda': 1.5, 'subsample': 1.0}",0.9887164796689742,0.9929477997931089,0.9943542667718518,0.9901197306558291,0.991534569222441,0.00222998384618332,111
124,10.32599675655365,0.29889317542883,0.09560292959213257,0.009929751219618671,0.1,8,750,1.0,2.0,0.7,"{'learning_rate': 0.1, 'max_depth': 8, 'n_estimators': 750, 'reg_alpha': 1.0, 'reg_lambda': 2.0, 'subsample': 0.7}",0.987305837603845,0.9929477577052461,0.9964714114603177,0.9915311977049964,0.9920640511186014,0.0032836828076647936,36
125,5.325241446495056,0.2224201504766299,0.053035080432891846,0.005845515472008124,0.1,8,750,1.0,2.0,1.0,"{'learning_rate': 0.1, 'max_depth': 8, 'n_estimators': 750, 'reg_alpha': 1.0, 'reg_lambda': 2.0, 'subsample': 1.0}",0.9887164796689742,0.9922425913464957,0.9943542667718518,0.9901197306558291,0.9913582671107877,0.0021372328348206074,119
126,11.270784795284271,0.44948990493492325,0.10622149705886841,0.00793133013018831,0.1,8,900,0.1,1.0,0.7,"{'learning_rate': 0.1, 'max_depth': 8, 'n_estimators': 900, 'reg_alpha': 0.1, 'reg_lambda': 1.0, 'subsample': 0.7}",0.9858951786975421,0.9929477577052461,0.9971771221387733,0.9915311977049964,0.9918878140616395,0.004035440319695966,57
127,11.273745954036713,0.41765287905285803,0.09904998540878296,0.007921757102842111,0.1,8,900,0.1,1.0,1.0,"{'learning_rate': 0.1, 'max_depth': 8, 'n_estimators': 900, 'reg_alpha': 0.1, 'reg_lambda': 1.0, 'subsample': 1.0}",0.9887164123283938,0.9950634672204972,0.997177133385926,0.9915310627310978,0.9931220189164787,0.003246293496831255,2
128,11.552875816822052,0.3656146986478337,0.10745513439178467,0.007234200979841472,0.1,8,900,0.1,1.5,0.7,"{'learning_rate': 0.1, 'max_depth': 8, 'n_estimators': 900, 'reg_alpha': 0.1, 'reg_lambda': 1.5, 'subsample': 0.7}",0.9866005197259626,0.9943582510578279,0.9971771221387733,0.9901197306558291,0.9920639058945983,0.004032288614249138,45
129,11.618215799331665,0.38187995469779695,0.11704874038696289,0.006398374729641239,0.1,8,900,0.1,1.5,1.0,"{'learning_rate': 0.1, 'max_depth': 8, 'n_estimators': 900, 'reg_alpha': 0.1, 'reg_lambda': 1.5, 'subsample': 1.0}",0.9887164123283938,0.9929478138222849,0.9971771221387733,0.9908253956395601,0.992416685982253,0.0031292203202617024,13
130,11.78991812467575,0.41960373931828016,0.12046509981155396,0.011630474843258793,0.1,8,900,0.1,2.0,0.7,"{'learning_rate': 0.1, 'max_depth': 8, 'n_estimators': 900, 'reg_alpha': 0.1, 'reg_lambda': 2.0, 'subsample': 0.7}",0.9858951786975421,0.9936530292834966,0.9964713903718013,0.9915311977049964,0.9918876990144592,0.0038782731450500625,59
131,11.98663866519928,0.3700071313103968,0.10917431116104126,0.005095477349985836,0.1,8,900,0.1,2.0,1.0,"{'learning_rate': 0.1, 'max_depth': 8, 'n_estimators': 900, 'reg_alpha': 0.1, 'reg_lambda': 2.0, 'subsample': 1.0}",0.9887164123283938,0.9936530040309044,0.9978828510938604,0.9908253956395601,0.9927694157731797,0.003432710306424761,3
132,11.650277376174927,0.3666207723487131,0.1001197099685669,0.005058834663589587,0.1,8,900,0.5,1.0,0.7,"{'learning_rate': 0.1, 'max_depth': 8, 'n_estimators': 900, 'reg_alpha': 0.5, 'reg_lambda': 1.0, 'subsample': 0.7}",0.987305837603845,0.9915373597517307,0.9964713903718013,0.9908253956395601,0.9915349958417343,0.0032694536390878194,100
133,6.9512826800346375,0.18946303685573573,0.07879245281219482,0.011261545065532824,0.1,8,900,0.5,1.0,1.0,"{'learning_rate': 0.1, 'max_depth': 8, 'n_estimators': 900, 'reg_alpha': 0.5, 'reg_lambda': 1.0, 'subsample': 1.0}",0.9887164123283938,0.9922425913464957,0.9957657000788889,0.9908253956395601,0.9918875248483348,0.0025666314698091336,72
134,11.872383058071136,0.3426921752700804,0.11417639255523682,0.012038267274110654,0.1,8,900,0.5,1.5,0.7,"{'learning_rate': 0.1, 'max_depth': 8, 'n_estimators': 900, 'reg_alpha': 0.5, 'reg_lambda': 1.5, 'subsample': 0.7}",0.9858951786975421,0.9915373092462954,0.9964713903718013,0.9908253956395601,0.9911823184887998,0.003747717335728339,124
135,6.955160319805145,0.32556543859782955,0.060455262660980225,0.0069514770431022156,0.1,8,900,0.5,1.5,1.0,"{'learning_rate': 0.1, 'max_depth': 8, 'n_estimators': 900, 'reg_alpha': 0.5, 'reg_lambda': 1.5, 'subsample': 1.0}",0.9887164123283938,0.9922425913464957,0.9964714114603177,0.9908253956395601,0.9920639526936919,0.002837148860274256,38
136,11.997288048267365,0.2954408691433345,0.11531823873519897,0.004963241834684595,0.1,8,900,0.5,2.0,0.7,"{'learning_rate': 0.1, 'max_depth': 8, 'n_estimators': 900, 'reg_alpha': 0.5, 'reg_lambda': 2.0, 'subsample': 0.7}",0.9866005197259626,0.9929477577052461,0.9957656832081598,0.992236981492171,0.991887735532885,0.0033256108050670192,58
137,7.467555820941925,0.27242252238009074,0.08066761493682861,0.00869856136539091,0.1,8,900,0.5,2.0,1.0,"{'learning_rate': 0.1, 'max_depth': 8, 'n_estimators': 900, 'reg_alpha': 0.5, 'reg_lambda': 2.0, 'subsample': 1.0}",0.9887164123283938,0.9922425604822165,0.9957657000788889,0.9908253956395601,0.9918875171322648,0.002566630402406516,74
138,10.953643798828125,0.25204034764401434,0.09069174528121948,0.009651181754644812,0.1,8,900,1.0,1.0,0.7,"{'learning_rate': 0.1, 'max_depth': 8, 'n_estimators': 900, 'reg_alpha': 1.0, 'reg_lambda': 1.0, 'subsample': 0.7}",0.9858953751153834,0.9922425604822165,0.9964714114603177,0.9908253956395601,0.9913586856743695,0.0037766837358786873,116
139,5.694583296775818,0.2400633166511037,0.05500060319900513,0.0028058224734556166,0.1,8,900,1.0,1.0,1.0,"{'learning_rate': 0.1, 'max_depth': 8, 'n_estimators': 900, 'reg_alpha': 1.0, 'reg_lambda': 1.0, 'subsample': 1.0}",0.9887164796689742,0.9915373597517307,0.9943542667718518,0.9901197306558291,0.9911819592120965,0.002085471390390973,126
140,9.778177917003632,0.18155519074381216,0.042236506938934326,0.010741671384580442,0.1,8,900,1.0,1.5,0.7,"{'learning_rate': 0.1, 'max_depth': 8, 'n_estimators': 900, 'reg_alpha': 1.0, 'reg_lambda': 1.5, 'subsample': 0.7}",0.987305837603845,0.9929477577052461,0.9957656832081598,0.9915311977049964,0.9918876190555619,0.0030529916876178573,64
141,5.489261746406555,0.16035930097756995,0.03826624155044556,0.0073837091296028124,0.1,8,900,1.0,1.5,1.0,"{'learning_rate': 0.1, 'max_depth': 8, 'n_estimators': 900, 'reg_alpha': 1.0, 'reg_lambda': 1.5, 'subsample': 1.0}",0.9887164796689742,0.9929477997931089,0.9943542667718518,0.9901197306558291,0.991534569222441,0.00222998384618332,111
142,7.058663070201874,0.33288576872845804,0.03449982404708862,0.002597486645259967,0.1,8,900,1.0,2.0,0.7,"{'learning_rate': 0.1, 'max_depth': 8, 'n_estimators': 900, 'reg_alpha': 1.0, 'reg_lambda': 2.0, 'subsample': 0.7}",0.987305837603845,0.9936530040309044,0.9957656832081598,0.9915311977049964,0.9920639306369765,0.0031285531815162617,41
143,4.211263477802277,0.20694846490916774,0.021307647228240967,0.004511641526527414,0.1,8,900,1.0,2.0,1.0,"{'learning_rate': 0.1, 'max_depth': 8, 'n_estimators': 900, 'reg_alpha': 1.0, 'reg_lambda': 2.0, 'subsample': 1.0}",0.9887164796689742,0.9922425913464957,0.9943542667718518,0.9901197306558291,0.9913582671107877,0.0021372328348206074,119
