,mean_fit_time,std_fit_time,mean_score_time,std_score_time,param_learning_rate,param_max_depth,param_min_child_samples,param_n_estimators,param_num_leaves,param_subsample,params,split0_test_score,split1_test_score,split2_test_score,split3_test_score,mean_test_score,std_test_score,rank_test_score
0,0.8135407567024231,0.2388845605777673,0.19716471433639526,0.06307468970028844,0.05,4,1,600,31,0.7,"{'learning_rate': 0.05, 'max_depth': 4, 'min_child_samples': 1, 'n_estimators': 600, 'num_leaves': 31, 'subsample': 0.7}",0.989421589208529,0.9936530292834966,0.9992942836979535,0.9894140656711423,0.9929457419652803,0.004052672808823113,37
1,1.0841044783592224,0.16068232860944823,0.13542771339416504,0.0785514744466931,0.05,4,1,600,31,0.85,"{'learning_rate': 0.05, 'max_depth': 4, 'min_child_samples': 1, 'n_estimators': 600, 'num_leaves': 31, 'subsample': 0.85}",0.989421589208529,0.9936530292834966,0.9992942836979535,0.9894140656711423,0.9929457419652803,0.004052672808823113,37
2,0.6782630681991577,0.06961505395514525,0.18703925609588623,0.06528599581854906,0.05,4,1,600,50,0.7,"{'learning_rate': 0.05, 'max_depth': 4, 'min_child_samples': 1, 'n_estimators': 600, 'num_leaves': 50, 'subsample': 0.7}",0.989421589208529,0.9936530292834966,0.9992942836979535,0.9894140656711423,0.9929457419652803,0.004052672808823113,37
3,0.7518048882484436,0.21708789388607305,0.13547474145889282,0.015328304638042118,0.05,4,1,600,50,0.85,"{'learning_rate': 0.05, 'max_depth': 4, 'min_child_samples': 1, 'n_estimators': 600, 'num_leaves': 50, 'subsample': 0.85}",0.989421589208529,0.9936530292834966,0.9992942836979535,0.9894140656711423,0.9929457419652803,0.004052672808823113,37
4,0.8493308424949646,0.35847393837449765,0.14862090349197388,0.05545030044636118,0.05,4,1,600,70,0.7,"{'learning_rate': 0.05, 'max_depth': 4, 'min_child_samples': 1, 'n_estimators': 600, 'num_leaves': 70, 'subsample': 0.7}",0.989421589208529,0.9936530292834966,0.9992942836979535,0.9894140656711423,0.9929457419652803,0.004052672808823113,37
5,0.8304152488708496,0.09454693761830954,0.07902050018310547,0.018203724105429094,0.05,4,1,600,70,0.85,"{'learning_rate': 0.05, 'max_depth': 4, 'min_child_samples': 1, 'n_estimators': 600, 'num_leaves': 70, 'subsample': 0.85}",0.989421589208529,0.9936530292834966,0.9992942836979535,0.9894140656711423,0.9929457419652803,0.004052672808823113,37
6,1.6785057187080383,0.1992404188977957,0.09552490711212158,0.01007770727080885,0.05,4,1,800,31,0.7,"{'learning_rate': 0.05, 'max_depth': 4, 'min_child_samples': 1, 'n_estimators': 800, 'num_leaves': 31, 'subsample': 0.7}",0.989421589208529,0.9929478138222849,0.9992942836979535,0.988708263606662,0.9925929875838573,0.004188738452753667,85
7,1.4523749351501465,0.1848970723009787,0.1302763819694519,0.04813143430182242,0.05,4,1,800,31,0.85,"{'learning_rate': 0.05, 'max_depth': 4, 'min_child_samples': 1, 'n_estimators': 800, 'num_leaves': 31, 'subsample': 0.85}",0.989421589208529,0.9929478138222849,0.9992942836979535,0.988708263606662,0.9925929875838573,0.004188738452753667,85
8,1.4783508777618408,0.25391397011223454,0.12550687789916992,0.038065336812617194,0.05,4,1,800,50,0.7,"{'learning_rate': 0.05, 'max_depth': 4, 'min_child_samples': 1, 'n_estimators': 800, 'num_leaves': 50, 'subsample': 0.7}",0.989421589208529,0.9929478138222849,0.9992942836979535,0.988708263606662,0.9925929875838573,0.004188738452753667,85
9,1.327887773513794,0.16993802183087298,0.12037163972854614,0.036306586004372705,0.05,4,1,800,50,0.85,"{'learning_rate': 0.05, 'max_depth': 4, 'min_child_samples': 1, 'n_estimators': 800, 'num_leaves': 50, 'subsample': 0.85}",0.989421589208529,0.9929478138222849,0.9992942836979535,0.988708263606662,0.9925929875838573,0.004188738452753667,85
10,1.385895311832428,0.3520807316742733,0.10039877891540527,0.007639788813221859,0.05,4,1,800,70,0.7,"{'learning_rate': 0.05, 'max_depth': 4, 'min_child_samples': 1, 'n_estimators': 800, 'num_leaves': 70, 'subsample': 0.7}",0.989421589208529,0.9929478138222849,0.9992942836979535,0.988708263606662,0.9925929875838573,0.004188738452753667,85
11,1.3701903820037842,0.10489798309235764,0.21219414472579956,0.1077186798956437,0.05,4,1,800,70,0.85,"{'learning_rate': 0.05, 'max_depth': 4, 'min_child_samples': 1, 'n_estimators': 800, 'num_leaves': 70, 'subsample': 0.85}",0.989421589208529,0.9929478138222849,0.9992942836979535,0.988708263606662,0.9925929875838573,0.004188738452753667,85
12,0.7629603743553162,0.15248705274582866,0.07514333724975586,0.004808062974532346,0.05,4,5,600,31,0.7,"{'learning_rate': 0.05, 'max_depth': 4, 'min_child_samples': 5, 'n_estimators': 600, 'num_leaves': 31, 'subsample': 0.7}",0.9873059638694429,0.9929478138222849,0.9978828468761907,0.9901198487546965,0.9920641183306538,0.0039070045325450085,91
13,0.9291744828224182,0.14296872164340907,0.11841142177581787,0.041448095327235826,0.05,4,5,600,31,0.85,"{'learning_rate': 0.05, 'max_depth': 4, 'min_child_samples': 5, 'n_estimators': 600, 'num_leaves': 31, 'subsample': 0.85}",0.9873059638694429,0.9929478138222849,0.9978828468761907,0.9901198487546965,0.9920641183306538,0.0039070045325450085,91
14,1.1544952392578125,0.21679030526494916,0.13140618801116943,0.04910497608730256,0.05,4,5,600,50,0.7,"{'learning_rate': 0.05, 'max_depth': 4, 'min_child_samples': 5, 'n_estimators': 600, 'num_leaves': 50, 'subsample': 0.7}",0.9873059638694429,0.9929478138222849,0.9978828468761907,0.9901198487546965,0.9920641183306538,0.0039070045325450085,91
15,0.9728196859359741,0.16393895752883378,0.10690540075302124,0.02241192197147866,0.05,4,5,600,50,0.85,"{'learning_rate': 0.05, 'max_depth': 4, 'min_child_samples': 5, 'n_estimators': 600, 'num_leaves': 50, 'subsample': 0.85}",0.9873059638694429,0.9929478138222849,0.9978828468761907,0.9901198487546965,0.9920641183306538,0.0039070045325450085,91
16,0.8261072635650635,0.1333318148144724,0.10552978515625,0.02422733059151086,0.05,4,5,600,70,0.7,"{'learning_rate': 0.05, 'max_depth': 4, 'min_child_samples': 5, 'n_estimators': 600, 'num_leaves': 70, 'subsample': 0.7}",0.9873059638694429,0.9929478138222849,0.9978828468761907,0.9901198487546965,0.9920641183306538,0.0039070045325450085,91
17,1.0950446128845215,0.38560907212912765,0.10227912664413452,0.028572875880644576,0.05,4,5,600,70,0.85,"{'learning_rate': 0.05, 'max_depth': 4, 'min_child_samples': 5, 'n_estimators': 600, 'num_leaves': 70, 'subsample': 0.85}",0.9873059638694429,0.9929478138222849,0.9978828468761907,0.9901198487546965,0.9920641183306538,0.0039070045325450085,91
18,1.7398414611816406,0.31419742748786944,0.2253153920173645,0.013217854749455698,0.05,4,5,800,31,0.7,"{'learning_rate': 0.05, 'max_depth': 4, 'min_child_samples': 5, 'n_estimators': 800, 'num_leaves': 31, 'subsample': 0.7}",0.9880111344363328,0.9936530292834966,0.998588566692963,0.9908256149666836,0.9927695863448691,0.003907137475261495,63
19,1.570671260356903,0.6995301832670684,0.15192371606826782,0.0533248622746098,0.05,4,5,800,31,0.85,"{'learning_rate': 0.05, 'max_depth': 4, 'min_child_samples': 5, 'n_estimators': 800, 'num_leaves': 31, 'subsample': 0.85}",0.9880111344363328,0.9936530292834966,0.998588566692963,0.9908256149666836,0.9927695863448691,0.003907137475261495,63
20,1.5611718893051147,0.4177128829441143,0.16267454624176025,0.037097388227118513,0.05,4,5,800,50,0.7,"{'learning_rate': 0.05, 'max_depth': 4, 'min_child_samples': 5, 'n_estimators': 800, 'num_leaves': 50, 'subsample': 0.7}",0.9880111344363328,0.9936530292834966,0.998588566692963,0.9908256149666836,0.9927695863448691,0.003907137475261495,63
21,1.4433996677398682,0.5198438530950497,0.14928925037384033,0.04451990863979073,0.05,4,5,800,50,0.85,"{'learning_rate': 0.05, 'max_depth': 4, 'min_child_samples': 5, 'n_estimators': 800, 'num_leaves': 50, 'subsample': 0.85}",0.9880111344363328,0.9936530292834966,0.998588566692963,0.9908256149666836,0.9927695863448691,0.003907137475261495,63
22,1.3680022358894348,0.5058347463793543,0.14666306972503662,0.04447443993870298,0.05,4,5,800,70,0.7,"{'learning_rate': 0.05, 'max_depth': 4, 'min_child_samples': 5, 'n_estimators': 800, 'num_leaves': 70, 'subsample': 0.7}",0.9880111344363328,0.9936530292834966,0.998588566692963,0.9908256149666836,0.9927695863448691,0.003907137475261495,63
23,1.1535793542861938,0.44548490721378026,0.1292904019355774,0.05969871714838887,0.05,4,5,800,70,0.85,"{'learning_rate': 0.05, 'max_depth': 4, 'min_child_samples': 5, 'n_estimators': 800, 'num_leaves': 70, 'subsample': 0.85}",0.9880111344363328,0.9936530292834966,0.998588566692963,0.9908256149666836,0.9927695863448691,0.003907137475261495,63
24,1.6417280435562134,0.6346716477755964,0.1649225950241089,0.08274721563524086,0.05,6,1,600,31,0.7,"{'learning_rate': 0.05, 'max_depth': 6, 'min_child_samples': 1, 'n_estimators': 600, 'num_leaves': 31, 'subsample': 0.7}",0.9887164123283938,0.9943582398344872,0.998588566692963,0.9936485026692425,0.9938279303812716,0.003503737194664594,1
25,1.6583796739578247,0.732311999693673,0.15542954206466675,0.07372355017898523,0.05,6,1,600,31,0.85,"{'learning_rate': 0.05, 'max_depth': 6, 'min_child_samples': 1, 'n_estimators': 600, 'num_leaves': 31, 'subsample': 0.85}",0.9887164123283938,0.9943582398344872,0.998588566692963,0.9936485026692425,0.9938279303812716,0.003503737194664594,1
26,1.7550456523895264,0.6435288662840076,0.11578267812728882,0.009499334514313538,0.05,6,1,600,50,0.7,"{'learning_rate': 0.05, 'max_depth': 6, 'min_child_samples': 1, 'n_estimators': 600, 'num_leaves': 50, 'subsample': 0.7}",0.9887164796689742,0.9950634672204972,0.9992942836979535,0.9915313664163197,0.9936513992509362,0.003958663010832489,3
27,2.519374132156372,0.17371782146256465,0.22307425737380981,0.02501856405757947,0.05,6,1,600,50,0.85,"{'learning_rate': 0.05, 'max_depth': 6, 'min_child_samples': 1, 'n_estimators': 600, 'num_leaves': 50, 'subsample': 0.85}",0.9887164796689742,0.9950634672204972,0.9992942836979535,0.9915313664163197,0.9936513992509362,0.003958663010832489,3
28,1.776180624961853,0.7121919300268315,0.18542593717575073,0.0642289420379432,0.05,6,1,600,70,0.7,"{'learning_rate': 0.05, 'max_depth': 6, 'min_child_samples': 1, 'n_estimators': 600, 'num_leaves': 70, 'subsample': 0.7}",0.9858953751153834,0.9950634672204972,0.998588566692963,0.992237105212699,0.9929461285603858,0.004651238258016416,35
29,1.8117675185203552,0.652763680737784,0.20568132400512695,0.12720744025604416,0.05,6,1,600,70,0.85,"{'learning_rate': 0.05, 'max_depth': 6, 'min_child_samples': 1, 'n_estimators': 600, 'num_leaves': 70, 'subsample': 0.85}",0.9858953751153834,0.9950634672204972,0.998588566692963,0.992237105212699,0.9929461285603858,0.004651238258016416,35
30,1.6153334379196167,0.40302715237605735,0.21093076467514038,0.10021440955949415,0.05,6,1,800,31,0.7,"{'learning_rate': 0.05, 'max_depth': 6, 'min_child_samples': 1, 'n_estimators': 800, 'num_leaves': 31, 'subsample': 0.7}",0.9866006796641367,0.9943582398344872,0.9992942836979535,0.9936485026692425,0.9934754264664549,0.00452577501350034,5
31,2.245608389377594,0.6482269422780589,0.19068926572799683,0.07966114416932576,0.05,6,1,800,31,0.85,"{'learning_rate': 0.05, 'max_depth': 6, 'min_child_samples': 1, 'n_estimators': 800, 'num_leaves': 31, 'subsample': 0.85}",0.9866006796641367,0.9943582398344872,0.9992942836979535,0.9936485026692425,0.9934754264664549,0.00452577501350034,5
32,2.183116316795349,0.9313196804950836,0.1826748251914978,0.08279242049845625,0.05,6,1,800,50,0.7,"{'learning_rate': 0.05, 'max_depth': 6, 'min_child_samples': 1, 'n_estimators': 800, 'num_leaves': 50, 'subsample': 0.7}",0.9880112298361529,0.9943582510578279,0.9992942836979535,0.992237105212699,0.9934752174511583,0.0040629226828434225,7
33,2.47694855928421,0.7381980397957596,0.1920567750930786,0.09588677381145656,0.05,6,1,800,50,0.85,"{'learning_rate': 0.05, 'max_depth': 6, 'min_child_samples': 1, 'n_estimators': 800, 'num_leaves': 50, 'subsample': 0.85}",0.9880112298361529,0.9943582510578279,0.9992942836979535,0.992237105212699,0.9934752174511583,0.0040629226828434225,7
34,2.6439797282218933,0.803535257566191,0.23982781171798706,0.05509372055048322,0.05,6,1,800,70,0.7,"{'learning_rate': 0.05, 'max_depth': 6, 'min_child_samples': 1, 'n_estimators': 800, 'num_leaves': 70, 'subsample': 0.7}",0.9866006796641367,0.9950634672204972,0.998588566692963,0.992237105212699,0.9931224546975741,0.004386436573615747,23
35,2.022185206413269,0.7266009017769702,0.2419583797454834,0.1152438497565019,0.05,6,1,800,70,0.85,"{'learning_rate': 0.05, 'max_depth': 6, 'min_child_samples': 1, 'n_estimators': 800, 'num_leaves': 70, 'subsample': 0.85}",0.9866006796641367,0.9950634672204972,0.998588566692963,0.992237105212699,0.9931224546975741,0.004386436573615747,23
36,1.7234729528427124,0.7778812191788191,0.1361578106880188,0.04582504006409287,0.05,6,5,600,31,0.7,"{'learning_rate': 0.05, 'max_depth': 6, 'min_child_samples': 5, 'n_estimators': 600, 'num_leaves': 31, 'subsample': 0.7}",0.9866006796641367,0.9943582398344872,0.9992942836979535,0.9908256880733946,0.992769722817493,0.004661803446906304,55
37,1.399419128894806,0.45818947089084,0.11515706777572632,0.03250892485576883,0.05,6,5,600,31,0.85,"{'learning_rate': 0.05, 'max_depth': 6, 'min_child_samples': 5, 'n_estimators': 600, 'num_leaves': 31, 'subsample': 0.85}",0.9866006796641367,0.9943582398344872,0.9992942836979535,0.9908256880733946,0.992769722817493,0.004661803446906304,55
38,2.0198205709457397,0.0981492097249726,0.14755916595458984,0.011781450107031095,0.05,6,5,600,50,0.7,"{'learning_rate': 0.05, 'max_depth': 6, 'min_child_samples': 5, 'n_estimators': 600, 'num_leaves': 50, 'subsample': 0.7}",0.9866007862874648,0.9936530040309044,0.9978828510938604,0.9922371206774876,0.9925934405224293,0.004035449405995455,83
39,1.6247085332870483,0.43512258915797397,0.11453962326049805,0.018457226851557956,0.05,6,5,600,50,0.85,"{'learning_rate': 0.05, 'max_depth': 6, 'min_child_samples': 5, 'n_estimators': 600, 'num_leaves': 50, 'subsample': 0.85}",0.9866007862874648,0.9936530040309044,0.9978828510938604,0.9922371206774876,0.9925934405224293,0.004035449405995455,83
40,1.4381861686706543,0.3792414386451188,0.11027663946151733,0.011318567409271863,0.05,6,5,600,70,0.7,"{'learning_rate': 0.05, 'max_depth': 6, 'min_child_samples': 5, 'n_estimators': 600, 'num_leaves': 70, 'subsample': 0.7}",0.9866007862874648,0.9929477577052461,0.998588566692963,0.9922371206774876,0.9925935578407905,0.004245761033764739,75
41,1.3208059668540955,0.18429265543856693,0.12765264511108398,0.023694279257308555,0.05,6,5,600,70,0.85,"{'learning_rate': 0.05, 'max_depth': 6, 'min_child_samples': 5, 'n_estimators': 600, 'num_leaves': 70, 'subsample': 0.85}",0.9866007862874648,0.9929477577052461,0.998588566692963,0.9922371206774876,0.9925935578407905,0.004245761033764739,75
42,1.4179194569587708,0.3113969999322021,0.16104120016098022,0.024762590063181336,0.05,6,5,800,31,0.7,"{'learning_rate': 0.05, 'max_depth': 6, 'min_child_samples': 5, 'n_estimators': 800, 'num_leaves': 31, 'subsample': 0.7}",0.9873059638694429,0.9943582398344872,0.9992942836979535,0.9915314001577777,0.9931224718899153,0.004358372925063257,21
43,1.5279099345207214,0.22325302770545308,0.17096054553985596,0.03493026843257258,0.05,6,5,800,31,0.85,"{'learning_rate': 0.05, 'max_depth': 6, 'min_child_samples': 5, 'n_estimators': 800, 'num_leaves': 31, 'subsample': 0.85}",0.9873059638694429,0.9943582398344872,0.9992942836979535,0.9915314001577777,0.9931224718899153,0.004358372925063257,21
44,1.610253632068634,0.23210215304957604,0.20349079370498657,0.0750128290921668,0.05,6,5,800,50,0.7,"{'learning_rate': 0.05, 'max_depth': 6, 'min_child_samples': 5, 'n_estimators': 800, 'num_leaves': 50, 'subsample': 0.7}",0.9873059638694429,0.9936530040309044,0.9978828510938604,0.9922371206774876,0.9927697349179239,0.0037769231311314687,51
45,1.7168782949447632,0.08285532528108205,0.2586604356765747,0.053695475550036495,0.05,6,5,800,50,0.85,"{'learning_rate': 0.05, 'max_depth': 6, 'min_child_samples': 5, 'n_estimators': 800, 'num_leaves': 50, 'subsample': 0.85}",0.9873059638694429,0.9936530040309044,0.9978828510938604,0.9922371206774876,0.9927697349179239,0.0037769231311314687,51
46,1.803852915763855,0.32458405487760256,0.23610538244247437,0.0683642552559348,0.05,6,5,800,70,0.7,"{'learning_rate': 0.05, 'max_depth': 6, 'min_child_samples': 5, 'n_estimators': 800, 'num_leaves': 70, 'subsample': 0.7}",0.9873059638694429,0.9936530040309044,0.9978828510938604,0.9922371206774876,0.9927697349179239,0.0037769231311314687,51
47,1.977456510066986,0.3073743780711223,0.20869576930999756,0.08910516685682753,0.05,6,5,800,70,0.85,"{'learning_rate': 0.05, 'max_depth': 6, 'min_child_samples': 5, 'n_estimators': 800, 'num_leaves': 70, 'subsample': 0.85}",0.9873059638694429,0.9936530040309044,0.9978828510938604,0.9922371206774876,0.9927697349179239,0.0037769231311314687,51
48,0.9382098913192749,0.29236513455602525,0.1015365719795227,0.024777573826949274,0.1,4,1,600,31,0.7,"{'learning_rate': 0.1, 'max_depth': 4, 'min_child_samples': 1, 'n_estimators': 600, 'num_leaves': 31, 'subsample': 0.7}",0.9887164796689742,0.9929478138222849,0.9992942836979535,0.9901198487546965,0.9927696064859772,0.00406362595487044,57
49,1.1991334557533264,0.29715965470407013,0.15701675415039062,0.042067040413621165,0.1,4,1,600,31,0.85,"{'learning_rate': 0.1, 'max_depth': 4, 'min_child_samples': 1, 'n_estimators': 600, 'num_leaves': 31, 'subsample': 0.85}",0.9887164796689742,0.9929478138222849,0.9992942836979535,0.9901198487546965,0.9927696064859772,0.00406362595487044,57
50,1.0788715481758118,0.35582356712772817,0.11881464719772339,0.05003414081009221,0.1,4,1,600,50,0.7,"{'learning_rate': 0.1, 'max_depth': 4, 'min_child_samples': 1, 'n_estimators': 600, 'num_leaves': 50, 'subsample': 0.7}",0.9887164796689742,0.9929478138222849,0.9992942836979535,0.9901198487546965,0.9927696064859772,0.00406362595487044,57
51,0.9853379726409912,0.3506173823925327,0.13159143924713135,0.06022307514358887,0.1,4,1,600,50,0.85,"{'learning_rate': 0.1, 'max_depth': 4, 'min_child_samples': 1, 'n_estimators': 600, 'num_leaves': 50, 'subsample': 0.85}",0.9887164796689742,0.9929478138222849,0.9992942836979535,0.9901198487546965,0.9927696064859772,0.00406362595487044,57
52,0.6337537169456482,0.06423053962057887,0.09868133068084717,0.05810690711699149,0.1,4,1,600,70,0.7,"{'learning_rate': 0.1, 'max_depth': 4, 'min_child_samples': 1, 'n_estimators': 600, 'num_leaves': 70, 'subsample': 0.7}",0.9887164796689742,0.9929478138222849,0.9992942836979535,0.9901198487546965,0.9927696064859772,0.00406362595487044,57
53,0.8270679116249084,0.47096508216818306,0.09928441047668457,0.061751878226668354,0.1,4,1,600,70,0.85,"{'learning_rate': 0.1, 'max_depth': 4, 'min_child_samples': 1, 'n_estimators': 600, 'num_leaves': 70, 'subsample': 0.85}",0.9887164796689742,0.9929478138222849,0.9992942836979535,0.9901198487546965,0.9927696064859772,0.00406362595487044,57
54,1.1958743929862976,0.5784379459241561,0.1322975754737854,0.07626963411480246,0.1,4,1,800,31,0.7,"{'learning_rate': 0.1, 'max_depth': 4, 'min_child_samples': 1, 'n_estimators': 800, 'num_leaves': 31, 'subsample': 0.7}",0.9894216733848407,0.9929478138222849,0.9992942836979535,0.9908256149666836,0.9931223464679406,0.0037780030331004584,25
55,1.3676133751869202,0.6236333276844745,0.08736836910247803,0.0024778578336881896,0.1,4,1,800,31,0.85,"{'learning_rate': 0.1, 'max_depth': 4, 'min_child_samples': 1, 'n_estimators': 800, 'num_leaves': 31, 'subsample': 0.85}",0.9894216733848407,0.9929478138222849,0.9992942836979535,0.9908256149666836,0.9931223464679406,0.0037780030331004584,25
56,1.083690345287323,0.5331723348025988,0.135769784450531,0.08719469036844905,0.1,4,1,800,50,0.7,"{'learning_rate': 0.1, 'max_depth': 4, 'min_child_samples': 1, 'n_estimators': 800, 'num_leaves': 50, 'subsample': 0.7}",0.9894216733848407,0.9929478138222849,0.9992942836979535,0.9908256149666836,0.9931223464679406,0.0037780030331004584,25
57,1.6301945447921753,0.5968476220736388,0.169009268283844,0.08179395554414921,0.1,4,1,800,50,0.85,"{'learning_rate': 0.1, 'max_depth': 4, 'min_child_samples': 1, 'n_estimators': 800, 'num_leaves': 50, 'subsample': 0.85}",0.9894216733848407,0.9929478138222849,0.9992942836979535,0.9908256149666836,0.9931223464679406,0.0037780030331004584,25
58,1.7649646401405334,0.5982652166200796,0.2017703652381897,0.06656602467786155,0.1,4,1,800,70,0.7,"{'learning_rate': 0.1, 'max_depth': 4, 'min_child_samples': 1, 'n_estimators': 800, 'num_leaves': 70, 'subsample': 0.7}",0.9894216733848407,0.9929478138222849,0.9992942836979535,0.9908256149666836,0.9931223464679406,0.0037780030331004584,25
59,0.8012162446975708,0.13310137890827053,0.1378362774848938,0.08185844261621714,0.1,4,1,800,70,0.85,"{'learning_rate': 0.1, 'max_depth': 4, 'min_child_samples': 1, 'n_estimators': 800, 'num_leaves': 70, 'subsample': 0.85}",0.9894216733848407,0.9929478138222849,0.9992942836979535,0.9908256149666836,0.9931223464679406,0.0037780030331004584,25
60,0.5726500153541565,0.11071929559990211,0.11416876316070557,0.05771524786058467,0.1,4,5,600,31,0.7,"{'learning_rate': 0.1, 'max_depth': 4, 'min_child_samples': 5, 'n_estimators': 600, 'num_leaves': 31, 'subsample': 0.7}",0.9880112298361529,0.9943582510578279,0.998588566692963,0.9901198487546965,0.99276947408541,0.004063479228817071,69
61,0.771989107131958,0.4412213259918271,0.08572793006896973,0.033630493927113654,0.1,4,5,600,31,0.85,"{'learning_rate': 0.1, 'max_depth': 4, 'min_child_samples': 5, 'n_estimators': 600, 'num_leaves': 31, 'subsample': 0.85}",0.9880112298361529,0.9943582510578279,0.998588566692963,0.9901198487546965,0.99276947408541,0.004063479228817071,69
62,0.7823560833930969,0.4218059417699815,0.11887240409851074,0.06135804886510621,0.1,4,5,600,50,0.7,"{'learning_rate': 0.1, 'max_depth': 4, 'min_child_samples': 5, 'n_estimators': 600, 'num_leaves': 50, 'subsample': 0.7}",0.9880112298361529,0.9943582510578279,0.998588566692963,0.9901198487546965,0.99276947408541,0.004063479228817071,69
63,0.7729406952857971,0.4422157738080068,0.09145379066467285,0.04366644822237794,0.1,4,5,600,50,0.85,"{'learning_rate': 0.1, 'max_depth': 4, 'min_child_samples': 5, 'n_estimators': 600, 'num_leaves': 50, 'subsample': 0.85}",0.9880112298361529,0.9943582510578279,0.998588566692963,0.9901198487546965,0.99276947408541,0.004063479228817071,69
64,0.8764026761054993,0.4080394065083549,0.0912473201751709,0.04620248359437881,0.1,4,5,600,70,0.7,"{'learning_rate': 0.1, 'max_depth': 4, 'min_child_samples': 5, 'n_estimators': 600, 'num_leaves': 70, 'subsample': 0.7}",0.9880112298361529,0.9943582510578279,0.998588566692963,0.9901198487546965,0.99276947408541,0.004063479228817071,69
65,0.754626989364624,0.42396934526576674,0.09142649173736572,0.05505408944151637,0.1,4,5,600,70,0.85,"{'learning_rate': 0.1, 'max_depth': 4, 'min_child_samples': 5, 'n_estimators': 600, 'num_leaves': 70, 'subsample': 0.85}",0.9880112298361529,0.9943582510578279,0.998588566692963,0.9901198487546965,0.99276947408541,0.004063479228817071,69
66,1.095283329486847,0.6026654459999572,0.1161608099937439,0.04835898295895425,0.1,4,5,800,31,0.7,"{'learning_rate': 0.1, 'max_depth': 4, 'min_child_samples': 5, 'n_estimators': 800, 'num_leaves': 31, 'subsample': 0.7}",0.9858951786975421,0.9936530292834966,0.9992942836979535,0.992237105212699,0.9927698992229228,0.004766895300961938,43
67,1.1369680762290955,0.5749515498917974,0.16511976718902588,0.08579592764587586,0.1,4,5,800,31,0.85,"{'learning_rate': 0.1, 'max_depth': 4, 'min_child_samples': 5, 'n_estimators': 800, 'num_leaves': 31, 'subsample': 0.85}",0.9858951786975421,0.9936530292834966,0.9992942836979535,0.992237105212699,0.9927698992229228,0.004766895300961938,43
68,1.4098644256591797,0.6693035651254712,0.16529911756515503,0.08726534505780283,0.1,4,5,800,50,0.7,"{'learning_rate': 0.1, 'max_depth': 4, 'min_child_samples': 5, 'n_estimators': 800, 'num_leaves': 50, 'subsample': 0.7}",0.9858951786975421,0.9936530292834966,0.9992942836979535,0.992237105212699,0.9927698992229228,0.004766895300961938,43
69,1.7437681555747986,0.587616049434308,0.20008844137191772,0.05707880967547531,0.1,4,5,800,50,0.85,"{'learning_rate': 0.1, 'max_depth': 4, 'min_child_samples': 5, 'n_estimators': 800, 'num_leaves': 50, 'subsample': 0.85}",0.9858951786975421,0.9936530292834966,0.9992942836979535,0.992237105212699,0.9927698992229228,0.004766895300961938,43
70,1.0489206314086914,0.5754815514395386,0.1441352367401123,0.061848582403552774,0.1,4,5,800,70,0.7,"{'learning_rate': 0.1, 'max_depth': 4, 'min_child_samples': 5, 'n_estimators': 800, 'num_leaves': 70, 'subsample': 0.7}",0.9858951786975421,0.9936530292834966,0.9992942836979535,0.992237105212699,0.9927698992229228,0.004766895300961938,43
71,0.8241491913795471,0.18496372366852176,0.08795887231826782,0.006447502265023391,0.1,4,5,800,70,0.85,"{'learning_rate': 0.1, 'max_depth': 4, 'min_child_samples': 5, 'n_estimators': 800, 'num_leaves': 70, 'subsample': 0.85}",0.9858951786975421,0.9936530292834966,0.9992942836979535,0.992237105212699,0.9927698992229228,0.004766895300961938,43
72,1.6897599697113037,0.5924091166829678,0.1742836833000183,0.05524598471353459,0.1,6,1,600,31,0.7,"{'learning_rate': 0.1, 'max_depth': 6, 'min_child_samples': 1, 'n_estimators': 600, 'num_leaves': 31, 'subsample': 0.7}",0.9887164796689742,0.9943582510578279,0.998588566692963,0.9915313664163197,0.9932986659590213,0.0036477921139676703,15
73,0.700485348701477,0.020007000015447543,0.07104861736297607,0.0035302199125206166,0.1,6,1,600,31,0.85,"{'learning_rate': 0.1, 'max_depth': 6, 'min_child_samples': 1, 'n_estimators': 600, 'num_leaves': 31, 'subsample': 0.85}",0.9887164796689742,0.9943582510578279,0.998588566692963,0.9915313664163197,0.9932986659590213,0.0036477921139676703,15
74,0.9533460736274719,0.34814870953419963,0.08569461107254028,0.006517142600031244,0.1,6,1,600,50,0.7,"{'learning_rate': 0.1, 'max_depth': 6, 'min_child_samples': 1, 'n_estimators': 600, 'num_leaves': 50, 'subsample': 0.7}",0.9866006796641367,0.9929477997931089,0.998588566692963,0.992237105212699,0.9925935378407269,0.0042457998602470765,77
75,1.400507628917694,0.5406788385119979,0.17727547883987427,0.0548831608524016,0.1,6,1,600,50,0.85,"{'learning_rate': 0.1, 'max_depth': 6, 'min_child_samples': 1, 'n_estimators': 600, 'num_leaves': 50, 'subsample': 0.85}",0.9866006796641367,0.9929477997931089,0.998588566692963,0.992237105212699,0.9925935378407269,0.0042457998602470765,77
76,1.0440170764923096,0.2837382037133641,0.08132392168045044,0.006779335575290421,0.1,6,1,600,70,0.7,"{'learning_rate': 0.1, 'max_depth': 6, 'min_child_samples': 1, 'n_estimators': 600, 'num_leaves': 70, 'subsample': 0.7}",0.9866006796641367,0.9929477997931089,0.998588566692963,0.992237105212699,0.9925935378407269,0.0042457998602470765,77
77,1.1892669796943665,0.7009794460000944,0.12991124391555786,0.06759457991486272,0.1,6,1,600,70,0.85,"{'learning_rate': 0.1, 'max_depth': 6, 'min_child_samples': 1, 'n_estimators': 600, 'num_leaves': 70, 'subsample': 0.85}",0.9866006796641367,0.9929477997931089,0.998588566692963,0.992237105212699,0.9925935378407269,0.0042457998602470765,77
78,2.3075408935546875,0.20996122074796567,0.27783042192459106,0.01724939025680164,0.1,6,1,800,31,0.7,"{'learning_rate': 0.1, 'max_depth': 6, 'min_child_samples': 1, 'n_estimators': 800, 'num_leaves': 31, 'subsample': 0.7}",0.9887164796689742,0.9943582510578279,0.998588566692963,0.9915313664163197,0.9932986659590213,0.0036477921139676703,15
79,0.9542874097824097,0.1849593425166231,0.10041826963424683,0.014556625147257892,0.1,6,1,800,31,0.85,"{'learning_rate': 0.1, 'max_depth': 6, 'min_child_samples': 1, 'n_estimators': 800, 'num_leaves': 31, 'subsample': 0.85}",0.9887164796689742,0.9943582510578279,0.998588566692963,0.9915313664163197,0.9932986659590213,0.0036477921139676703,15
80,2.127101242542267,0.39712465541293485,0.23518890142440796,0.06886711139425891,0.1,6,1,800,50,0.7,"{'learning_rate': 0.1, 'max_depth': 6, 'min_child_samples': 1, 'n_estimators': 800, 'num_leaves': 50, 'subsample': 0.7}",0.9866006796641367,0.9936530292834966,0.998588566692963,0.992237105212699,0.9927698452133238,0.0042714151414070325,49
81,1.2547125816345215,0.5920039030675769,0.11373859643936157,0.006045653959904539,0.1,6,1,800,50,0.85,"{'learning_rate': 0.1, 'max_depth': 6, 'min_child_samples': 1, 'n_estimators': 800, 'num_leaves': 50, 'subsample': 0.85}",0.9866006796641367,0.9936530292834966,0.998588566692963,0.992237105212699,0.9927698452133238,0.0042714151414070325,49
82,1.6056634783744812,0.6338976892206898,0.20687335729599,0.0827326259254841,0.1,6,1,800,70,0.7,"{'learning_rate': 0.1, 'max_depth': 6, 'min_child_samples': 1, 'n_estimators': 800, 'num_leaves': 70, 'subsample': 0.7}",0.9866006796641367,0.9936530292834966,0.998588566692963,0.992942805346933,0.9929462702468823,0.00426032714033362,31
83,1.1446861028671265,0.36622790400564537,0.10950380563735962,0.009754082177130138,0.1,6,1,800,70,0.85,"{'learning_rate': 0.1, 'max_depth': 6, 'min_child_samples': 1, 'n_estimators': 800, 'num_leaves': 70, 'subsample': 0.85}",0.9866006796641367,0.9936530292834966,0.998588566692963,0.992942805346933,0.9929462702468823,0.00426032714033362,31
84,1.272148311138153,0.07518857004335408,0.14741557836532593,0.05153760889206481,0.1,6,5,600,31,0.7,"{'learning_rate': 0.1, 'max_depth': 6, 'min_child_samples': 5, 'n_estimators': 600, 'num_leaves': 31, 'subsample': 0.7}",0.9866006796641367,0.9950634672204972,0.9992942836979535,0.992237105212699,0.9932988839488217,0.004611178997784124,13
85,1.0883779525756836,0.2978790270733961,0.12292361259460449,0.053582201816277854,0.1,6,5,600,31,0.85,"{'learning_rate': 0.1, 'max_depth': 6, 'min_child_samples': 5, 'n_estimators': 600, 'num_leaves': 31, 'subsample': 0.85}",0.9866006796641367,0.9950634672204972,0.9992942836979535,0.992237105212699,0.9932988839488217,0.004611178997784124,13
86,1.3893969655036926,0.2015435795482983,0.13279986381530762,0.03677760149131365,0.1,6,5,600,50,0.7,"{'learning_rate': 0.1, 'max_depth': 6, 'min_child_samples': 5, 'n_estimators': 600, 'num_leaves': 50, 'subsample': 0.7}",0.9880112298361529,0.9929477997931089,0.998588566692963,0.992237105212699,0.992946175383731,0.003764739379764939,33
87,1.2073822021484375,0.33505306791789924,0.10508114099502563,0.03792038373139244,0.1,6,5,600,50,0.85,"{'learning_rate': 0.1, 'max_depth': 6, 'min_child_samples': 5, 'n_estimators': 600, 'num_leaves': 50, 'subsample': 0.85}",0.9880112298361529,0.9929477997931089,0.998588566692963,0.992237105212699,0.992946175383731,0.003764739379764939,33
88,1.0967556238174438,0.2743323829094014,0.09058070182800293,0.016123967189060805,0.1,6,5,600,70,0.7,"{'learning_rate': 0.1, 'max_depth': 6, 'min_child_samples': 5, 'n_estimators': 600, 'num_leaves': 70, 'subsample': 0.7}",0.9866006796641367,0.9929477997931089,0.998588566692963,0.992237105212699,0.9925935378407269,0.0042457998602470765,77
89,1.1556856632232666,0.3219576086119848,0.10099029541015625,0.020277636997522514,0.1,6,5,600,70,0.85,"{'learning_rate': 0.1, 'max_depth': 6, 'min_child_samples': 5, 'n_estimators': 600, 'num_leaves': 70, 'subsample': 0.85}",0.9866006796641367,0.9929477997931089,0.998588566692963,0.992237105212699,0.9925935378407269,0.0042457998602470765,77
90,1.2217794060707092,0.22343989899006264,0.12162256240844727,0.016556515683942143,0.1,6,5,800,31,0.7,"{'learning_rate': 0.1, 'max_depth': 6, 'min_child_samples': 5, 'n_estimators': 800, 'num_leaves': 31, 'subsample': 0.7}",0.9866006796641367,0.9943582510578279,0.9992942836979535,0.992237105212699,0.9931225799081542,0.004553461844804624,19
91,0.8608411550521851,0.03986337974346604,0.10266858339309692,0.008996619305644984,0.1,6,5,800,31,0.85,"{'learning_rate': 0.1, 'max_depth': 6, 'min_child_samples': 5, 'n_estimators': 800, 'num_leaves': 31, 'subsample': 0.85}",0.9866006796641367,0.9943582510578279,0.9992942836979535,0.992237105212699,0.9931225799081542,0.004553461844804624,19
92,0.9866058230400085,0.11261256615632978,0.11538100242614746,0.005095963626107648,0.1,6,5,800,50,0.7,"{'learning_rate': 0.1, 'max_depth': 6, 'min_child_samples': 5, 'n_estimators': 800, 'num_leaves': 50, 'subsample': 0.7}",0.9880112298361529,0.9943582510578279,0.9992942836979535,0.992237105212699,0.9934752174511583,0.0040629226828434225,7
93,0.9818639159202576,0.09534664689712681,0.10690397024154663,0.006669924483798247,0.1,6,5,800,50,0.85,"{'learning_rate': 0.1, 'max_depth': 6, 'min_child_samples': 5, 'n_estimators': 800, 'num_leaves': 50, 'subsample': 0.85}",0.9880112298361529,0.9943582510578279,0.9992942836979535,0.992237105212699,0.9934752174511583,0.0040629226828434225,7
94,0.9461584687232971,0.07709966661664593,0.08862543106079102,0.006227382959513846,0.1,6,5,800,70,0.7,"{'learning_rate': 0.1, 'max_depth': 6, 'min_child_samples': 5, 'n_estimators': 800, 'num_leaves': 70, 'subsample': 0.7}",0.9880112298361529,0.9943582510578279,0.9992942836979535,0.992237105212699,0.9934752174511583,0.0040629226828434225,7
95,0.8616272211074829,0.03362441476285438,0.07154881954193115,0.007520785337615405,0.1,6,5,800,70,0.85,"{'learning_rate': 0.1, 'max_depth': 6, 'min_child_samples': 5, 'n_estimators': 800, 'num_leaves': 70, 'subsample': 0.85}",0.9880112298361529,0.9943582510578279,0.9992942836979535,0.992237105212699,0.9934752174511583,0.0040629226828434225,7
