,mean_fit_time,std_fit_time,mean_score_time,std_score_time,param_bootstrap,param_ccp_alpha,param_criterion,param_max_depth,param_max_features,param_max_leaf_nodes,param_max_samples,param_min_impurity_decrease,param_min_samples_leaf,param_min_samples_split,param_n_estimators,params,split0_test_score,split1_test_score,split2_test_score,split3_test_score,mean_test_score,std_test_score,rank_test_score
0,4.390971124172211,0.9024844341426989,0.2733447551727295,0.08084329023404103,True,0.005,gini,,sqrt,50,0.7,0.01,2,4,700,"{'bootstrap': True, 'ccp_alpha': 0.005, 'criterion': 'gini', 'max_depth': None, 'max_features': 'sqrt', 'max_leaf_nodes': 50, 'max_samples': 0.7, 'min_impurity_decrease': 0.01, 'min_samples_leaf': 2, 'min_samples_split': 4, 'n_estimators': 700}",0.9506331254413973,0.9661484288741011,0.9477374041053287,0.9738832940055961,0.9596005631066058,0.010816889892791415,17
1,2.970227897167206,0.5486907730053003,0.17263752222061157,0.05960901336762795,True,0.005,gini,,sqrt,50,0.7,0.01,2,4,500,"{'bootstrap': True, 'ccp_alpha': 0.005, 'criterion': 'gini', 'max_depth': None, 'max_features': 'sqrt', 'max_leaf_nodes': 50, 'max_samples': 0.7, 'min_impurity_decrease': 0.01, 'min_samples_leaf': 2, 'min_samples_split': 4, 'n_estimators': 500}",0.9506343039367228,0.9647379467438553,0.9299912715534988,0.9738832940055961,0.9548117040599183,0.01655113575008896,39
2,2.8261210322380066,0.19985824128788207,0.1589374542236328,0.028601084771093913,True,0.005,gini,,sqrt,50,0.7,0.01,2,4,450,"{'bootstrap': True, 'ccp_alpha': 0.005, 'criterion': 'gini', 'max_depth': None, 'max_features': 'sqrt', 'max_leaf_nodes': 50, 'max_samples': 0.7, 'min_impurity_decrease': 0.01, 'min_samples_leaf': 2, 'min_samples_split': 4, 'n_estimators': 450}",0.9266045548654245,0.9477838022898454,0.9661218211812335,0.9745896445778091,0.9537749557285782,0.018437875155418344,43
3,4.983331561088562,0.8763593896644871,0.3271949887275696,0.10860840292579335,True,0.005,gini,,sqrt,50,0.7,0.01,2,8,700,"{'bootstrap': True, 'ccp_alpha': 0.005, 'criterion': 'gini', 'max_depth': None, 'max_features': 'sqrt', 'max_leaf_nodes': 50, 'max_samples': 0.7, 'min_impurity_decrease': 0.01, 'min_samples_leaf': 2, 'min_samples_split': 8, 'n_estimators': 700}",0.9301305044836186,0.9626229485368024,0.9519852501494916,0.968941661253492,0.9534200911058512,0.014748519742223904,44
4,3.5721529722213745,0.6156007431488465,0.26235032081604004,0.08080999535517912,True,0.005,gini,,sqrt,50,0.7,0.01,2,8,500,"{'bootstrap': True, 'ccp_alpha': 0.005, 'criterion': 'gini', 'max_depth': None, 'max_features': 'sqrt', 'max_leaf_nodes': 50, 'max_samples': 0.7, 'min_impurity_decrease': 0.01, 'min_samples_leaf': 2, 'min_samples_split': 8, 'n_estimators': 500}",0.9513369869636124,0.9619163006111535,0.9654187989491116,0.9682417541369392,0.9617284601652043,0.00640428758791303,13
5,2.6534770131111145,0.43890878029012936,0.1646137237548828,0.059878997670297626,True,0.005,gini,,sqrt,50,0.7,0.01,2,8,450,"{'bootstrap': True, 'ccp_alpha': 0.005, 'criterion': 'gini', 'max_depth': None, 'max_features': 'sqrt', 'max_leaf_nodes': 50, 'max_samples': 0.7, 'min_impurity_decrease': 0.01, 'min_samples_leaf': 2, 'min_samples_split': 8, 'n_estimators': 450}",0.9485177863155407,0.9647365436839122,0.9675343175343176,0.9724726223061271,0.9633153174599745,0.008981133080279627,4
6,4.980832755565643,1.383070968995725,0.22175854444503784,0.050892430018595974,True,0.005,gini,,sqrt,50,0.7,0.01,5,4,700,"{'bootstrap': True, 'ccp_alpha': 0.005, 'criterion': 'gini', 'max_depth': None, 'max_features': 'sqrt', 'max_leaf_nodes': 50, 'max_samples': 0.7, 'min_impurity_decrease': 0.01, 'min_samples_leaf': 5, 'min_samples_split': 4, 'n_estimators': 700}",0.9520450385931407,0.9640316860165831,0.9328365320570038,0.9752950078431313,0.9560520661274647,0.015724045529736587,31
7,4.749817132949829,0.5228137800982057,0.27112114429473877,0.09609187515015721,True,0.005,gini,,sqrt,50,0.7,0.01,5,4,500,"{'bootstrap': True, 'ccp_alpha': 0.005, 'criterion': 'gini', 'max_depth': None, 'max_features': 'sqrt', 'max_leaf_nodes': 50, 'max_samples': 0.7, 'min_impurity_decrease': 0.01, 'min_samples_leaf': 5, 'min_samples_split': 4, 'n_estimators': 500}",0.9357859844667751,0.9499163016523273,0.9321414318780429,0.9710628069132083,0.9472266312275883,0.015279473453220595,72
8,3.4481590390205383,1.427348360450482,0.1380000114440918,0.042984411468311765,True,0.005,gini,,sqrt,50,0.7,0.01,5,4,450,"{'bootstrap': True, 'ccp_alpha': 0.005, 'criterion': 'gini', 'max_depth': None, 'max_features': 'sqrt', 'max_leaf_nodes': 50, 'max_samples': 0.7, 'min_impurity_decrease': 0.01, 'min_samples_leaf': 5, 'min_samples_split': 4, 'n_estimators': 450}",0.9478134070188212,0.9619163006111535,0.9463206207930585,0.9717689717689718,0.9569548250480012,0.010496749574919147,29
9,4.313621640205383,0.7779277305886334,0.24158704280853271,0.08743837396659368,True,0.005,gini,,sqrt,50,0.7,0.01,5,8,700,"{'bootstrap': True, 'ccp_alpha': 0.005, 'criterion': 'gini', 'max_depth': None, 'max_features': 'sqrt', 'max_leaf_nodes': 50, 'max_samples': 0.7, 'min_impurity_decrease': 0.01, 'min_samples_leaf': 5, 'min_samples_split': 8, 'n_estimators': 700}",0.9471079460426448,0.9640324015750186,0.935693215339233,0.9738832940055961,0.9551792142406231,0.014773887854429572,36
10,3.209546446800232,0.9048927255441657,0.13998574018478394,0.009044028887618568,True,0.005,gini,,sqrt,50,0.7,0.01,5,8,500,"{'bootstrap': True, 'ccp_alpha': 0.005, 'criterion': 'gini', 'max_depth': None, 'max_features': 'sqrt', 'max_leaf_nodes': 50, 'max_samples': 0.7, 'min_impurity_decrease': 0.01, 'min_samples_leaf': 5, 'min_samples_split': 8, 'n_estimators': 500}",0.9499252693907901,0.9661478227654698,0.9307277117088355,0.9731789201036063,0.9549949309921755,0.016352705092810487,37
11,2.8459636569023132,0.8711214862480063,0.13334470987319946,0.021860850766224096,True,0.005,gini,,sqrt,50,0.7,0.01,5,8,450,"{'bootstrap': True, 'ccp_alpha': 0.005, 'criterion': 'gini', 'max_depth': None, 'max_features': 'sqrt', 'max_leaf_nodes': 50, 'max_samples': 0.7, 'min_impurity_decrease': 0.01, 'min_samples_leaf': 5, 'min_samples_split': 8, 'n_estimators': 450}",0.9265988560188421,0.9640324015750186,0.9498716734371737,0.9682364386554546,0.9521848424216223,0.01626354704931456,51
12,3.841087579727173,0.7198217000946152,0.20504230260849,0.016623132579843897,True,0.005,gini,,sqrt,100,0.7,0.01,2,4,700,"{'bootstrap': True, 'ccp_alpha': 0.005, 'criterion': 'gini', 'max_depth': None, 'max_features': 'sqrt', 'max_leaf_nodes': 100, 'max_samples': 0.7, 'min_impurity_decrease': 0.01, 'min_samples_leaf': 2, 'min_samples_split': 4, 'n_estimators': 700}",0.9449890081469029,0.9696754637032101,0.9235798178331736,0.9703565935335793,0.9521502208042165,0.019404619548449402,52
13,2.45752876996994,0.16511603109133707,0.13678866624832153,0.014923055640368983,True,0.005,gini,,sqrt,100,0.7,0.01,2,4,500,"{'bootstrap': True, 'ccp_alpha': 0.005, 'criterion': 'gini', 'max_depth': None, 'max_features': 'sqrt', 'max_leaf_nodes': 100, 'max_samples': 0.7, 'min_impurity_decrease': 0.01, 'min_samples_leaf': 2, 'min_samples_split': 4, 'n_estimators': 500}",0.9463981600853109,0.9633274646136094,0.9526897698896665,0.9689428989284333,0.957839573379255,0.008815146093448481,26
14,2.3813071250915527,0.16762300131469854,0.13969993591308594,0.00992486733223949,True,0.005,gini,,sqrt,100,0.7,0.01,2,4,450,"{'bootstrap': True, 'ccp_alpha': 0.005, 'criterion': 'gini', 'max_depth': None, 'max_features': 'sqrt', 'max_leaf_nodes': 100, 'max_samples': 0.7, 'min_impurity_decrease': 0.01, 'min_samples_leaf': 2, 'min_samples_split': 4, 'n_estimators': 450}",0.9301129736212346,0.9668543128533909,0.9300168369064991,0.9745896445778091,0.9503934419897333,0.02051170349603476,62
15,3.4151576161384583,0.15268579721949022,0.19907718896865845,0.0162971280297534,True,0.005,gini,,sqrt,100,0.7,0.01,2,8,700,"{'bootstrap': True, 'ccp_alpha': 0.005, 'criterion': 'gini', 'max_depth': None, 'max_features': 'sqrt', 'max_leaf_nodes': 100, 'max_samples': 0.7, 'min_impurity_decrease': 0.01, 'min_samples_leaf': 2, 'min_samples_split': 8, 'n_estimators': 700}",0.9322686961644402,0.9696748604324419,0.9314142147506668,0.9703556485355648,0.9509283549707784,0.01909080758883515,56
16,2.7301902770996094,0.18266489970351976,0.1634516716003418,0.010727675090335157,True,0.005,gini,,sqrt,100,0.7,0.01,2,8,500,"{'bootstrap': True, 'ccp_alpha': 0.005, 'criterion': 'gini', 'max_depth': None, 'max_features': 'sqrt', 'max_leaf_nodes': 100, 'max_samples': 0.7, 'min_impurity_decrease': 0.01, 'min_samples_leaf': 2, 'min_samples_split': 8, 'n_estimators': 500}",0.9400456534466661,0.9619181188827883,0.9456247480181581,0.9745875179340029,0.9555440095704039,0.013618693702047496,33
17,2.3148590326309204,0.24006790178036963,0.14716613292694092,0.01669281801681485,True,0.005,gini,,sqrt,100,0.7,0.01,2,8,450,"{'bootstrap': True, 'ccp_alpha': 0.005, 'criterion': 'gini', 'max_depth': None, 'max_features': 'sqrt', 'max_leaf_nodes': 100, 'max_samples': 0.7, 'min_impurity_decrease': 0.01, 'min_samples_leaf': 2, 'min_samples_split': 8, 'n_estimators': 450}",0.9527497651314294,0.9732014792799353,0.9519852501494916,0.9717681843176946,0.9624261697196377,0.010075045162374046,9
18,3.681672990322113,0.2700471377499926,0.22359466552734375,0.02575897208331634,True,0.005,gini,,sqrt,100,0.7,0.01,5,4,700,"{'bootstrap': True, 'ccp_alpha': 0.005, 'criterion': 'gini', 'max_depth': None, 'max_features': 'sqrt', 'max_leaf_nodes': 100, 'max_samples': 0.7, 'min_impurity_decrease': 0.01, 'min_samples_leaf': 5, 'min_samples_split': 4, 'n_estimators': 700}",0.94640167905066,0.9647373153806977,0.9300168369064991,0.9710609619115695,0.9530541983123566,0.016091261547978793,46
19,2.753874659538269,0.06454366080610763,0.17714780569076538,0.007214108847431131,True,0.005,gini,,sqrt,100,0.7,0.01,5,4,500,"{'bootstrap': True, 'ccp_alpha': 0.005, 'criterion': 'gini', 'max_depth': None, 'max_features': 'sqrt', 'max_leaf_nodes': 100, 'max_samples': 0.7, 'min_impurity_decrease': 0.01, 'min_samples_leaf': 5, 'min_samples_split': 4, 'n_estimators': 500}",0.9548659186758972,0.9633268079959256,0.9221531226651432,0.9710619420979831,0.9528519478587374,0.01862659746039414,48
20,2.43377947807312,0.03505971440429811,0.15573722124099731,0.02161571692393102,True,0.005,gini,,sqrt,100,0.7,0.01,5,4,450,"{'bootstrap': True, 'ccp_alpha': 0.005, 'criterion': 'gini', 'max_depth': None, 'max_features': 'sqrt', 'max_leaf_nodes': 100, 'max_samples': 0.7, 'min_impurity_decrease': 0.01, 'min_samples_leaf': 5, 'min_samples_split': 4, 'n_estimators': 450}",0.928016005733397,0.9675567811042671,0.9292702405909954,0.9724677948977014,0.9493277055815903,0.020762065048047822,69
21,3.685698390007019,0.05512459164380857,0.3302631378173828,0.14887062118036207,True,0.005,gini,,sqrt,100,0.7,0.01,5,8,700,"{'bootstrap': True, 'ccp_alpha': 0.005, 'criterion': 'gini', 'max_depth': None, 'max_features': 'sqrt', 'max_leaf_nodes': 100, 'max_samples': 0.7, 'min_impurity_decrease': 0.01, 'min_samples_leaf': 5, 'min_samples_split': 8, 'n_estimators': 700}",0.9322600678354751,0.9612129567324789,0.9285769538071048,0.9745905558876269,0.9491601335656714,0.019373025295638283,70
22,2.5790751576423645,0.023039853318559594,0.15253669023513794,0.005925846354761042,True,0.005,gini,,sqrt,100,0.7,0.01,5,8,500,"{'bootstrap': True, 'ccp_alpha': 0.005, 'criterion': 'gini', 'max_depth': None, 'max_features': 'sqrt', 'max_leaf_nodes': 100, 'max_samples': 0.7, 'min_impurity_decrease': 0.01, 'min_samples_leaf': 5, 'min_samples_split': 8, 'n_estimators': 500}",0.9485159427296189,0.9689703190896793,0.9406488595294512,0.9597387999252289,0.9544684803184946,0.010776063973020292,41
23,2.3095657229423523,0.06867169707031064,0.16911929845809937,0.014156390927426042,True,0.005,gini,,sqrt,100,0.7,0.01,5,8,450,"{'bootstrap': True, 'ccp_alpha': 0.005, 'criterion': 'gini', 'max_depth': None, 'max_features': 'sqrt', 'max_leaf_nodes': 100, 'max_samples': 0.7, 'min_impurity_decrease': 0.01, 'min_samples_leaf': 5, 'min_samples_split': 8, 'n_estimators': 450}",0.9442797205579887,0.9640336895084585,0.9342582407303476,0.9710558869437373,0.953406884435133,0.014785059619327245,45
24,4.543473660945892,0.24974331486029486,0.33967381715774536,0.14534575895996105,True,0.005,gini,10,sqrt,50,0.7,0.01,2,4,700,"{'bootstrap': True, 'ccp_alpha': 0.005, 'criterion': 'gini', 'max_depth': 10, 'max_features': 'sqrt', 'max_leaf_nodes': 50, 'max_samples': 0.7, 'min_impurity_decrease': 0.01, 'min_samples_leaf': 2, 'min_samples_split': 4, 'n_estimators': 700}",0.9272956256611287,0.9626229485368024,0.9519852501494916,0.9689440127515441,0.9527119592747417,0.015876282536677565,49
25,3.171189606189728,0.12300174467164054,0.23519814014434814,0.04361934874080581,True,0.005,gini,10,sqrt,50,0.7,0.01,2,4,500,"{'bootstrap': True, 'ccp_alpha': 0.005, 'criterion': 'gini', 'max_depth': 10, 'max_features': 'sqrt', 'max_leaf_nodes': 50, 'max_samples': 0.7, 'min_impurity_decrease': 0.01, 'min_samples_leaf': 2, 'min_samples_split': 4, 'n_estimators': 500}",0.9485169669603206,0.9647373153806977,0.9647127613795741,0.9703534039237878,0.9620801119110951,0.00816084914677625,10
26,2.877444624900818,0.25310623540924554,0.1773751974105835,0.06392488807919042,True,0.005,gini,10,sqrt,50,0.7,0.01,2,4,450,"{'bootstrap': True, 'ccp_alpha': 0.005, 'criterion': 'gini', 'max_depth': 10, 'max_features': 'sqrt', 'max_leaf_nodes': 50, 'max_samples': 0.7, 'min_impurity_decrease': 0.01, 'min_samples_leaf': 2, 'min_samples_split': 4, 'n_estimators': 450}",0.9520447523956737,0.9541487268648067,0.9299912715534988,0.9710619420979831,0.9518116732279907,0.014596394472633736,53
27,4.7212828397750854,0.3398368107941221,0.24745261669158936,0.030862014111180468,True,0.005,gini,10,sqrt,50,0.7,0.01,2,8,700,"{'bootstrap': True, 'ccp_alpha': 0.005, 'criterion': 'gini', 'max_depth': 10, 'max_features': 'sqrt', 'max_leaf_nodes': 50, 'max_samples': 0.7, 'min_impurity_decrease': 0.01, 'min_samples_leaf': 2, 'min_samples_split': 8, 'n_estimators': 700}",0.9506343039367228,0.9654438580811946,0.9505697017537564,0.9731715434807737,0.959954851813112,0.009743764452225004,16
28,3.4341429471969604,0.18437182349444234,0.14591562747955322,0.016511701701394505,True,0.005,gini,10,sqrt,50,0.7,0.01,2,8,500,"{'bootstrap': True, 'ccp_alpha': 0.005, 'criterion': 'gini', 'max_depth': 10, 'max_features': 'sqrt', 'max_leaf_nodes': 50, 'max_samples': 0.7, 'min_impurity_decrease': 0.01, 'min_samples_leaf': 2, 'min_samples_split': 8, 'n_estimators': 500}",0.9541596727467145,0.9696752223977831,0.9484564233269304,0.9752939740610389,0.9618963231331168,0.010960097971254945,12
29,2.783576786518097,0.31769892414041284,0.133031964302063,0.025915230684764295,True,0.005,gini,10,sqrt,50,0.7,0.01,2,8,450,"{'bootstrap': True, 'ccp_alpha': 0.005, 'criterion': 'gini', 'max_depth': 10, 'max_features': 'sqrt', 'max_leaf_nodes': 50, 'max_samples': 0.7, 'min_impurity_decrease': 0.01, 'min_samples_leaf': 2, 'min_samples_split': 8, 'n_estimators': 450}",0.9485184008148411,0.9710828008370062,0.963301271834757,0.9717681843176946,0.9636676644510747,0.00935731133927999,3
30,3.9934531450271606,0.09557027591413077,0.22644668817520142,0.008903344594330776,True,0.005,gini,10,sqrt,50,0.7,0.01,5,4,700,"{'bootstrap': True, 'ccp_alpha': 0.005, 'criterion': 'gini', 'max_depth': 10, 'max_features': 'sqrt', 'max_leaf_nodes': 50, 'max_samples': 0.7, 'min_impurity_decrease': 0.01, 'min_samples_leaf': 5, 'min_samples_split': 4, 'n_estimators': 700}",0.9506331254413973,0.9640324015750186,0.9661242509243911,0.9703545853407773,0.962786090820396,0.007376877391301407,7
31,2.8006856441497803,0.26855819282437754,0.14281052350997925,0.01631734567169812,True,0.005,gini,10,sqrt,50,0.7,0.01,5,4,500,"{'bootstrap': True, 'ccp_alpha': 0.005, 'criterion': 'gini', 'max_depth': 10, 'max_features': 'sqrt', 'max_leaf_nodes': 50, 'max_samples': 0.7, 'min_impurity_decrease': 0.01, 'min_samples_leaf': 5, 'min_samples_split': 4, 'n_estimators': 500}",0.9527503291104742,0.9696754637032101,0.9675350936960845,0.9561932058431664,0.9615385230882338,0.00721064198715578,15
32,2.3095625042915344,0.05200338875597741,0.12028288841247559,0.009417662083984403,True,0.005,gini,10,sqrt,50,0.7,0.01,5,4,450,"{'bootstrap': True, 'ccp_alpha': 0.005, 'criterion': 'gini', 'max_depth': 10, 'max_features': 'sqrt', 'max_leaf_nodes': 50, 'max_samples': 0.7, 'min_impurity_decrease': 0.01, 'min_samples_leaf': 5, 'min_samples_split': 4, 'n_estimators': 450}",0.9294422053042743,0.9696754637032101,0.9300168369064991,0.9710635563779265,0.9500495155729775,0.02032693534468257,65
33,3.2783533334732056,0.056697333429017886,0.180422842502594,0.005840216387065784,True,0.005,gini,10,sqrt,50,0.7,0.01,5,8,700,"{'bootstrap': True, 'ccp_alpha': 0.005, 'criterion': 'gini', 'max_depth': 10, 'max_features': 'sqrt', 'max_leaf_nodes': 50, 'max_samples': 0.7, 'min_impurity_decrease': 0.01, 'min_samples_leaf': 5, 'min_samples_split': 8, 'n_estimators': 700}",0.9548637636872931,0.9619175128115351,0.9477486545744468,0.9717610952789015,0.9590727565880441,0.008874647660019126,21
34,2.4552404284477234,0.054457316820372324,0.1476600170135498,0.004511127785797477,True,0.005,gini,10,sqrt,50,0.7,0.01,5,8,500,"{'bootstrap': True, 'ccp_alpha': 0.005, 'criterion': 'gini', 'max_depth': 10, 'max_features': 'sqrt', 'max_leaf_nodes': 50, 'max_samples': 0.7, 'min_impurity_decrease': 0.01, 'min_samples_leaf': 5, 'min_samples_split': 8, 'n_estimators': 500}",0.9358051518855539,0.9626233946694797,0.9335474613950853,0.9703556485355648,0.9505829141214209,0.016159541332688588,59
35,2.190158486366272,0.07710950894599669,0.128278911113739,0.01064003508759378,True,0.005,gini,10,sqrt,50,0.7,0.01,5,8,450,"{'bootstrap': True, 'ccp_alpha': 0.005, 'criterion': 'gini', 'max_depth': 10, 'max_features': 'sqrt', 'max_leaf_nodes': 50, 'max_samples': 0.7, 'min_impurity_decrease': 0.01, 'min_samples_leaf': 5, 'min_samples_split': 8, 'n_estimators': 450}",0.9287073610851845,0.9668543128533909,0.9668289548722572,0.9710628069132083,0.9583633589310103,0.017208404926347946,25
36,3.4165117740631104,0.14320878782235982,0.20230883359909058,0.013775141909005112,True,0.005,gini,10,sqrt,100,0.7,0.01,2,4,700,"{'bootstrap': True, 'ccp_alpha': 0.005, 'criterion': 'gini', 'max_depth': 10, 'max_features': 'sqrt', 'max_leaf_nodes': 100, 'max_samples': 0.7, 'min_impurity_decrease': 0.01, 'min_samples_leaf': 2, 'min_samples_split': 4, 'n_estimators': 700}",0.9258959896038379,0.9717910308209845,0.9505730516244768,0.9710619420979831,0.9548305035368205,0.01875134046438782,38
37,2.376331150531769,0.10005680127056678,0.1509132981300354,0.02263337261674117,True,0.005,gini,10,sqrt,100,0.7,0.01,2,4,500,"{'bootstrap': True, 'ccp_alpha': 0.005, 'criterion': 'gini', 'max_depth': 10, 'max_features': 'sqrt', 'max_leaf_nodes': 100, 'max_samples': 0.7, 'min_impurity_decrease': 0.01, 'min_samples_leaf': 2, 'min_samples_split': 4, 'n_estimators': 500}",0.9506345985517626,0.9703805823620337,0.9200476355728877,0.9710619420979831,0.9530311896461667,0.020735042499153217,47
38,2.251646339893341,0.08747150920619802,0.13992083072662354,0.014556777932088013,True,0.005,gini,10,sqrt,100,0.7,0.01,2,4,450,"{'bootstrap': True, 'ccp_alpha': 0.005, 'criterion': 'gini', 'max_depth': 10, 'max_features': 'sqrt', 'max_leaf_nodes': 100, 'max_samples': 0.7, 'min_impurity_decrease': 0.01, 'min_samples_leaf': 2, 'min_samples_split': 4, 'n_estimators': 450}",0.9520442753923035,0.9689701339030828,0.9569344902234811,0.9752950078431313,0.9633109768404997,0.009263384921706844,5
39,3.4920018315315247,0.1710966426911464,0.20967984199523926,0.015698852343576365,True,0.005,gini,10,sqrt,100,0.7,0.01,2,8,700,"{'bootstrap': True, 'ccp_alpha': 0.005, 'criterion': 'gini', 'max_depth': 10, 'max_features': 'sqrt', 'max_leaf_nodes': 100, 'max_samples': 0.7, 'min_impurity_decrease': 0.01, 'min_samples_leaf': 2, 'min_samples_split': 8, 'n_estimators': 700}",0.9329366918587605,0.966149439006923,0.9491640955729354,0.9696503295173968,0.9544751389890038,0.014651685700210974,40
40,2.4044376015663147,0.1982935391692358,0.14317232370376587,0.012665799911884178,True,0.005,gini,10,sqrt,100,0.7,0.01,2,8,500,"{'bootstrap': True, 'ccp_alpha': 0.005, 'criterion': 'gini', 'max_depth': 10, 'max_features': 'sqrt', 'max_leaf_nodes': 100, 'max_samples': 0.7, 'min_impurity_decrease': 0.01, 'min_samples_leaf': 2, 'min_samples_split': 8, 'n_estimators': 500}",0.9294375706619532,0.9520264286496115,0.9484596079001928,0.9717689717689718,0.9504231447451823,0.015020524684178582,60
41,2.1728756427764893,0.11837567380507334,0.13040810823440552,0.010019147879652404,True,0.005,gini,10,sqrt,100,0.7,0.01,2,8,450,"{'bootstrap': True, 'ccp_alpha': 0.005, 'criterion': 'gini', 'max_depth': 10, 'max_features': 'sqrt', 'max_leaf_nodes': 100, 'max_samples': 0.7, 'min_impurity_decrease': 0.01, 'min_samples_leaf': 2, 'min_samples_split': 8, 'n_estimators': 450}",0.9449890081469029,0.9633279752999968,0.9235685204348677,0.968941661253492,0.9502067912838148,0.017748123544849257,64
42,3.529668152332306,0.2058635000192053,0.1955665946006775,0.018715826083397502,True,0.005,gini,10,sqrt,100,0.7,0.01,5,4,700,"{'bootstrap': True, 'ccp_alpha': 0.005, 'criterion': 'gini', 'max_depth': 10, 'max_features': 'sqrt', 'max_leaf_nodes': 100, 'max_samples': 0.7, 'min_impurity_decrease': 0.01, 'min_samples_leaf': 5, 'min_samples_split': 4, 'n_estimators': 700}",0.9329679270116215,0.9696752223977831,0.9477332360353463,0.9724691664927194,0.9557113879843676,0.016253674489179096,32
43,2.472852051258087,0.152167842205523,0.16729527711868286,0.012373485594591317,True,0.005,gini,10,sqrt,100,0.7,0.01,5,4,500,"{'bootstrap': True, 'ccp_alpha': 0.005, 'criterion': 'gini', 'max_depth': 10, 'max_features': 'sqrt', 'max_leaf_nodes': 100, 'max_samples': 0.7, 'min_impurity_decrease': 0.01, 'min_samples_leaf': 5, 'min_samples_split': 4, 'n_estimators': 500}",0.9449820029010249,0.9675598790483011,0.9186084901301775,0.9689372048067917,0.9500218942215739,0.020479089014468325,67
44,2.15551620721817,0.06039484364696312,0.1186632513999939,0.01074098721925216,True,0.005,gini,10,sqrt,100,0.7,0.01,5,4,450,"{'bootstrap': True, 'ccp_alpha': 0.005, 'criterion': 'gini', 'max_depth': 10, 'max_features': 'sqrt', 'max_leaf_nodes': 100, 'max_samples': 0.7, 'min_impurity_decrease': 0.01, 'min_samples_leaf': 5, 'min_samples_split': 4, 'n_estimators': 450}",0.9315420094435456,0.9682650201545222,0.9300085965646671,0.9710628069132083,0.9502196082689858,0.01947699612258891,63
45,3.418446123600006,0.06487124597997478,0.19618088006973267,0.023861925772998137,True,0.005,gini,10,sqrt,100,0.7,0.01,5,8,700,"{'bootstrap': True, 'ccp_alpha': 0.005, 'criterion': 'gini', 'max_depth': 10, 'max_features': 'sqrt', 'max_leaf_nodes': 100, 'max_samples': 0.7, 'min_impurity_decrease': 0.01, 'min_samples_leaf': 5, 'min_samples_split': 8, 'n_estimators': 700}",0.9322600678354751,0.9647373153806977,0.9314225643108354,0.9717689717689718,0.950047229823995,0.018377254853965106,66
46,2.4192453622817993,0.105302941769946,0.1253020167350769,0.002358256277597052,True,0.005,gini,10,sqrt,100,0.7,0.01,5,8,500,"{'bootstrap': True, 'ccp_alpha': 0.005, 'criterion': 'gini', 'max_depth': 10, 'max_features': 'sqrt', 'max_leaf_nodes': 100, 'max_samples': 0.7, 'min_impurity_decrease': 0.01, 'min_samples_leaf': 5, 'min_samples_split': 8, 'n_estimators': 500}",0.9308335374023704,0.9668547084804819,0.9647127613795741,0.9689428989284333,0.9578359765477149,0.015661442620877368,27
47,2.255728006362915,0.11046321341071295,0.12202960252761841,0.004608922797111417,True,0.005,gini,10,sqrt,100,0.7,0.01,5,8,450,"{'bootstrap': True, 'ccp_alpha': 0.005, 'criterion': 'gini', 'max_depth': 10, 'max_features': 'sqrt', 'max_leaf_nodes': 100, 'max_samples': 0.7, 'min_impurity_decrease': 0.01, 'min_samples_leaf': 5, 'min_samples_split': 8, 'n_estimators': 450}",0.9315610845656925,0.9597991599334512,0.9661242509243911,0.9703565935335793,0.9569602722392786,0.015137849478868372,28
48,3.421873450279236,0.13662959554577023,0.2140161395072937,0.02437440993151708,True,0.005,gini,30,sqrt,50,0.7,0.01,2,4,700,"{'bootstrap': True, 'ccp_alpha': 0.005, 'criterion': 'gini', 'max_depth': 30, 'max_features': 'sqrt', 'max_leaf_nodes': 50, 'max_samples': 0.7, 'min_impurity_decrease': 0.01, 'min_samples_leaf': 2, 'min_samples_split': 4, 'n_estimators': 700}",0.9350825650089969,0.9696754637032101,0.9335395036743427,0.9710598663305254,0.9523393496792688,0.018043208002640077,50
49,2.454620897769928,0.07296284387648604,0.13739705085754395,0.013373219677166242,True,0.005,gini,30,sqrt,50,0.7,0.01,2,4,500,"{'bootstrap': True, 'ccp_alpha': 0.005, 'criterion': 'gini', 'max_depth': 30, 'max_features': 'sqrt', 'max_leaf_nodes': 50, 'max_samples': 0.7, 'min_impurity_decrease': 0.01, 'min_samples_leaf': 2, 'min_samples_split': 4, 'n_estimators': 500}",0.954160767047475,0.9633268079959256,0.9186206841445796,0.9689440127515441,0.951263067984881,0.01957084255679092,54
50,2.2281068563461304,0.052533644774273754,0.1307632327079773,0.01392107933021231,True,0.005,gini,30,sqrt,50,0.7,0.01,2,4,450,"{'bootstrap': True, 'ccp_alpha': 0.005, 'criterion': 'gini', 'max_depth': 30, 'max_features': 'sqrt', 'max_leaf_nodes': 50, 'max_samples': 0.7, 'min_impurity_decrease': 0.01, 'min_samples_leaf': 2, 'min_samples_split': 4, 'n_estimators': 450}",0.9322645170921033,0.9626219075191369,0.9512741248474403,0.9710628069132083,0.9543058390929722,0.01453413337121988,42
51,3.2756964564323425,0.055295427554095326,0.20000046491622925,0.025661332114780305,True,0.005,gini,30,sqrt,50,0.7,0.01,2,8,700,"{'bootstrap': True, 'ccp_alpha': 0.005, 'criterion': 'gini', 'max_depth': 30, 'max_features': 'sqrt', 'max_leaf_nodes': 50, 'max_samples': 0.7, 'min_impurity_decrease': 0.01, 'min_samples_leaf': 2, 'min_samples_split': 8, 'n_estimators': 700}",0.9548637636872931,0.9633274646136094,0.9470442705413666,0.9717689717689718,0.9592511176528102,0.009240796332557302,19
52,2.3534998297691345,0.08365978268335211,0.14400118589401245,0.01301798919119656,True,0.005,gini,30,sqrt,50,0.7,0.01,2,8,500,"{'bootstrap': True, 'ccp_alpha': 0.005, 'criterion': 'gini', 'max_depth': 30, 'max_features': 'sqrt', 'max_leaf_nodes': 50, 'max_samples': 0.7, 'min_impurity_decrease': 0.01, 'min_samples_leaf': 2, 'min_samples_split': 8, 'n_estimators': 500}",0.9251872955576659,0.9640336895084585,0.9647133237708184,0.9717689717689718,0.9564258201514787,0.018288111662696827,30
53,2.1599665880203247,0.07987568429201129,0.13124936819076538,0.015037604105563632,True,0.005,gini,30,sqrt,50,0.7,0.01,2,8,450,"{'bootstrap': True, 'ccp_alpha': 0.005, 'criterion': 'gini', 'max_depth': 30, 'max_features': 'sqrt', 'max_leaf_nodes': 50, 'max_samples': 0.7, 'min_impurity_decrease': 0.01, 'min_samples_leaf': 2, 'min_samples_split': 8, 'n_estimators': 450}",0.9329535144034724,0.9640316860165831,0.9321170505808615,0.972474377307686,0.9503941570771508,0.018109023715750277,61
54,3.416249632835388,0.0688157291547236,0.2052505612373352,0.0178949960479501,True,0.005,gini,30,sqrt,50,0.7,0.01,5,4,700,"{'bootstrap': True, 'ccp_alpha': 0.005, 'criterion': 'gini', 'max_depth': 30, 'max_features': 'sqrt', 'max_leaf_nodes': 50, 'max_samples': 0.7, 'min_impurity_decrease': 0.01, 'min_samples_leaf': 5, 'min_samples_split': 4, 'n_estimators': 700}",0.9499274610162023,0.9668545766058343,0.9654187989491116,0.9696503295173968,0.9629627915221364,0.007678231721171862,6
55,2.5129958987236023,0.05784699876711935,0.16050153970718384,0.011587207741976852,True,0.005,gini,30,sqrt,50,0.7,0.01,5,4,500,"{'bootstrap': True, 'ccp_alpha': 0.005, 'criterion': 'gini', 'max_depth': 30, 'max_features': 'sqrt', 'max_leaf_nodes': 50, 'max_samples': 0.7, 'min_impurity_decrease': 0.01, 'min_samples_leaf': 5, 'min_samples_split': 4, 'n_estimators': 500}",0.9520442753923035,0.9647384377884585,0.9668289548722572,0.9724715801680606,0.96402081205527,0.007470836046070565,1
56,2.152998149394989,0.031250973360802264,0.12174969911575317,0.013496944058439342,True,0.005,gini,30,sqrt,50,0.7,0.01,5,4,450,"{'bootstrap': True, 'ccp_alpha': 0.005, 'criterion': 'gini', 'max_depth': 30, 'max_features': 'sqrt', 'max_leaf_nodes': 50, 'max_samples': 0.7, 'min_impurity_decrease': 0.01, 'min_samples_leaf': 5, 'min_samples_split': 4, 'n_estimators': 450}",0.9343908815693571,0.9626202715170686,0.9228993667837255,0.9738832940055961,0.9484484534689369,0.02060426350342895,71
57,3.4172495007514954,0.15295023449108852,0.19274967908859253,0.023920920647267405,True,0.005,gini,30,sqrt,50,0.7,0.01,5,8,700,"{'bootstrap': True, 'ccp_alpha': 0.005, 'criterion': 'gini', 'max_depth': 30, 'max_features': 'sqrt', 'max_leaf_nodes': 50, 'max_samples': 0.7, 'min_impurity_decrease': 0.01, 'min_samples_leaf': 5, 'min_samples_split': 8, 'n_estimators': 700}",0.9379129714840702,0.9626219075191369,0.9654187989491116,0.96823510950705,0.9585471968648421,0.012077345430063542,24
58,2.598002851009369,0.12093942377135539,0.1674984097480774,0.018364625636984207,True,0.005,gini,30,sqrt,50,0.7,0.01,5,8,500,"{'bootstrap': True, 'ccp_alpha': 0.005, 'criterion': 'gini', 'max_depth': 30, 'max_features': 'sqrt', 'max_leaf_nodes': 50, 'max_samples': 0.7, 'min_impurity_decrease': 0.01, 'min_samples_leaf': 5, 'min_samples_split': 8, 'n_estimators': 500}",0.9449890081469029,0.9647379467438553,0.9668302765430253,0.9611446559505986,0.9594254718460955,0.008579344384367079,18
59,2.2492505311965942,0.061169138899424554,0.13299989700317383,0.016837052116679657,True,0.005,gini,30,sqrt,50,0.7,0.01,5,8,450,"{'bootstrap': True, 'ccp_alpha': 0.005, 'criterion': 'gini', 'max_depth': 30, 'max_features': 'sqrt', 'max_leaf_nodes': 50, 'max_samples': 0.7, 'min_impurity_decrease': 0.01, 'min_samples_leaf': 5, 'min_samples_split': 8, 'n_estimators': 450}",0.9492217341482048,0.9746121297602257,0.9526985384421842,0.9717672843195855,0.96207492166755,0.011227694246081856,11
60,3.4232512712478638,0.06265818475355804,0.1987491250038147,0.01876832827180923,True,0.005,gini,30,sqrt,100,0.7,0.01,2,4,700,"{'bootstrap': True, 'ccp_alpha': 0.005, 'criterion': 'gini', 'max_depth': 30, 'max_features': 'sqrt', 'max_leaf_nodes': 100, 'max_samples': 0.7, 'min_impurity_decrease': 0.01, 'min_samples_leaf': 2, 'min_samples_split': 4, 'n_estimators': 700}",0.9492206229048334,0.9640316860165831,0.9505762040292427,0.9717689717689718,0.9588993711799078,0.009419667649324993,23
61,2.4427520632743835,0.047310418242534964,0.14949947595596313,0.02582173299873554,True,0.005,gini,30,sqrt,100,0.7,0.01,2,4,500,"{'bootstrap': True, 'ccp_alpha': 0.005, 'criterion': 'gini', 'max_depth': 30, 'max_features': 'sqrt', 'max_leaf_nodes': 100, 'max_samples': 0.7, 'min_impurity_decrease': 0.01, 'min_samples_leaf': 2, 'min_samples_split': 4, 'n_estimators': 500}",0.9329721962241319,0.9654438580811946,0.9661247908199857,0.9710628069132083,0.9589009130096302,0.015126173989916702,22
62,2.179999351501465,0.020505706224543545,0.12275022268295288,0.01302712436020155,True,0.005,gini,30,sqrt,100,0.7,0.01,2,4,450,"{'bootstrap': True, 'ccp_alpha': 0.005, 'criterion': 'gini', 'max_depth': 30, 'max_features': 'sqrt', 'max_leaf_nodes': 100, 'max_samples': 0.7, 'min_impurity_decrease': 0.01, 'min_samples_leaf': 2, 'min_samples_split': 4, 'n_estimators': 450}",0.926592863969417,0.9654428956309002,0.9314384365555257,0.9745875179340029,0.9495154285224614,0.020823757347149658,68
63,3.2360984086990356,0.01910765938257645,0.18469613790512085,0.004059843889749962,True,0.005,gini,30,sqrt,100,0.7,0.01,2,8,700,"{'bootstrap': True, 'ccp_alpha': 0.005, 'criterion': 'gini', 'max_depth': 30, 'max_features': 'sqrt', 'max_leaf_nodes': 100, 'max_samples': 0.7, 'min_impurity_decrease': 0.01, 'min_samples_leaf': 2, 'min_samples_split': 8, 'n_estimators': 700}",0.9350825650089969,0.9696752223977831,0.9271717950445224,0.9717681843176946,0.9509244416922493,0.020007540224387745,57
64,2.4250001311302185,0.11311671829482689,0.13500046730041504,0.011810938044129832,True,0.005,gini,30,sqrt,100,0.7,0.01,2,8,500,"{'bootstrap': True, 'ccp_alpha': 0.005, 'criterion': 'gini', 'max_depth': 30, 'max_features': 'sqrt', 'max_leaf_nodes': 100, 'max_samples': 0.7, 'min_impurity_decrease': 0.01, 'min_samples_leaf': 2, 'min_samples_split': 8, 'n_estimators': 500}",0.9386203077492571,0.9654413831006863,0.9498617806401197,0.9505499874368353,0.9511183647317245,0.009529589968398939,55
65,2.0659987330436707,0.013585015837643832,0.1409999132156372,0.015215310148336802,True,0.005,gini,30,sqrt,100,0.7,0.01,2,8,450,"{'bootstrap': True, 'ccp_alpha': 0.005, 'criterion': 'gini', 'max_depth': 30, 'max_features': 'sqrt', 'max_leaf_nodes': 100, 'max_samples': 0.7, 'min_impurity_decrease': 0.01, 'min_samples_leaf': 2, 'min_samples_split': 8, 'n_estimators': 450}",0.9485147135989813,0.9661478227654698,0.9689472300140252,0.9717681843176946,0.9638444876740426,0.009070973950253278,2
66,3.449894607067108,0.145313814037607,0.1820002794265747,0.006363453272728429,True,0.005,gini,30,sqrt,100,0.7,0.01,5,4,700,"{'bootstrap': True, 'ccp_alpha': 0.005, 'criterion': 'gini', 'max_depth': 30, 'max_features': 'sqrt', 'max_leaf_nodes': 100, 'max_samples': 0.7, 'min_impurity_decrease': 0.01, 'min_samples_leaf': 5, 'min_samples_split': 4, 'n_estimators': 700}",0.9527497651314294,0.9626225023934749,0.9498716734371737,0.9710628069132083,0.9590766869688216,0.00838155851261008,20
67,2.467143416404724,0.0377053224685537,0.19875550270080566,0.034709883740557806,True,0.005,gini,30,sqrt,100,0.7,0.01,5,4,500,"{'bootstrap': True, 'ccp_alpha': 0.005, 'criterion': 'gini', 'max_depth': 30, 'max_features': 'sqrt', 'max_leaf_nodes': 100, 'max_samples': 0.7, 'min_impurity_decrease': 0.01, 'min_samples_leaf': 5, 'min_samples_split': 4, 'n_estimators': 500}",0.9343833078825712,0.966149439006923,0.9300247960721345,0.9724691664927194,0.950756677363587,0.018750116167880044,58
68,2.2348963022232056,0.06419027000912786,0.12124961614608765,0.006977852567218498,True,0.005,gini,30,sqrt,100,0.7,0.01,5,4,450,"{'bootstrap': True, 'ccp_alpha': 0.005, 'criterion': 'gini', 'max_depth': 30, 'max_features': 'sqrt', 'max_leaf_nodes': 100, 'max_samples': 0.7, 'min_impurity_decrease': 0.01, 'min_samples_leaf': 5, 'min_samples_split': 4, 'n_estimators': 450}",0.9499292540215794,0.9633283400672797,0.963301271834757,0.9696512365187308,0.9615525256105867,0.007192030157519273,14
69,3.074995458126068,0.026787190759424234,0.1285143494606018,0.008627914303804007,True,0.005,gini,30,sqrt,100,0.7,0.01,5,8,700,"{'bootstrap': True, 'ccp_alpha': 0.005, 'criterion': 'gini', 'max_depth': 30, 'max_features': 'sqrt', 'max_leaf_nodes': 100, 'max_samples': 0.7, 'min_impurity_decrease': 0.01, 'min_samples_leaf': 5, 'min_samples_split': 8, 'n_estimators': 700}",0.9513393103592334,0.9654422081335798,0.9314384365555257,0.9731768892643795,0.9553492110781796,0.015870563483380368,35
70,2.33584862947464,0.0486104709191127,0.12175023555755615,0.0028614650945947466,True,0.005,gini,30,sqrt,100,0.7,0.01,5,8,500,"{'bootstrap': True, 'ccp_alpha': 0.005, 'criterion': 'gini', 'max_depth': 30, 'max_features': 'sqrt', 'max_leaf_nodes': 100, 'max_samples': 0.7, 'min_impurity_decrease': 0.01, 'min_samples_leaf': 5, 'min_samples_split': 8, 'n_estimators': 500}",0.9541569367662162,0.9619175128115351,0.9647133237708184,0.9703556485355648,0.9627858554710337,0.005835862362906463,8
71,1.803344488143921,0.04799621714621965,0.07327598333358765,0.009114831037584061,True,0.005,gini,30,sqrt,100,0.7,0.01,5,8,450,"{'bootstrap': True, 'ccp_alpha': 0.005, 'criterion': 'gini', 'max_depth': 30, 'max_features': 'sqrt', 'max_leaf_nodes': 100, 'max_samples': 0.7, 'min_impurity_decrease': 0.01, 'min_samples_leaf': 5, 'min_samples_split': 8, 'n_estimators': 450}",0.9365089788900564,0.9647384377884585,0.9661247908199857,0.9540881051778927,0.9553650781690983,0.011840760394975412,34
