,mean_fit_time,std_fit_time,mean_score_time,std_score_time,param_learning_rate,param_max_depth,param_min_samples_leaf,param_min_samples_split,param_n_estimators,param_subsample,params,split0_test_score,split1_test_score,split2_test_score,mean_test_score,std_test_score,rank_test_score
0,4.469527721405029,0.7589261286051996,0.026172081629435223,0.005954552644313158,0.05,3,1,2,300,0.5,"{'learning_rate': 0.05, 'max_depth': 3, 'min_samples_leaf': 1, 'min_samples_split': 2, 'n_estimators': 300, 'subsample': 0.5}",0.9837786259541985,0.9895833333333334,0.9896421845574388,0.9876680479483234,0.002750341609440836,138
1,6.251537481943767,0.47926165230083323,0.023676713307698567,0.0055777462805862614,0.05,3,1,2,300,0.8,"{'learning_rate': 0.05, 'max_depth': 3, 'min_samples_leaf': 1, 'min_samples_split': 2, 'n_estimators': 300, 'subsample': 0.8}",0.9818355640535373,0.9891150023663038,0.9882242110221385,0.9863915924806599,0.00324205938422597,144
2,7.124639828999837,0.13848674786382886,0.04134686787923177,0.0011707868972001465,0.05,3,1,2,600,0.5,"{'learning_rate': 0.05, 'max_depth': 3, 'min_samples_leaf': 1, 'min_samples_split': 2, 'n_estimators': 600, 'subsample': 0.5}",0.9842331581462017,0.991016548463357,0.9934024505183788,0.9895507190426458,0.003884196405056701,125
3,9.441182533899942,0.2320911675888629,0.04351600011189779,0.004820571414457385,0.05,3,1,2,600,0.8,"{'learning_rate': 0.05, 'max_depth': 3, 'min_samples_leaf': 1, 'min_samples_split': 2, 'n_estimators': 600, 'subsample': 0.8}",0.9818355640535373,0.9910250354274917,0.9929211892402077,0.9885939295737455,0.004841176041619352,135
4,9.827017386754354,0.1704574441530917,0.054682016372680664,0.004180027070055348,0.05,3,1,2,900,0.5,"{'learning_rate': 0.05, 'max_depth': 3, 'min_samples_leaf': 1, 'min_samples_split': 2, 'n_estimators': 900, 'subsample': 0.5}",0.9847182425978988,0.9924314096499526,0.9929211892402077,0.990023613829353,0.003756788871666367,110
5,14.312996625900269,0.3636525617852185,0.053849220275878906,0.00379092273912274,0.05,3,1,2,900,0.8,"{'learning_rate': 0.05, 'max_depth': 3, 'min_samples_leaf': 1, 'min_samples_split': 2, 'n_estimators': 900, 'subsample': 0.8}",0.9837631327602675,0.9919545669663985,0.9943342776203965,0.9900173257823542,0.004527836383036683,112
6,3.19483216603597,0.4199812994454687,0.02468395233154297,0.00908368049514833,0.05,3,1,5,300,0.5,"{'learning_rate': 0.05, 'max_depth': 3, 'min_samples_leaf': 1, 'min_samples_split': 5, 'n_estimators': 300, 'subsample': 0.5}",0.9823220258002866,0.989593188268685,0.9886792452830189,0.9868648197839969,0.0032338373314157805,141
7,4.315646727879842,0.5448021402510181,0.019173065821329754,0.0008538694231598848,0.05,3,1,5,300,0.8,"{'learning_rate': 0.05, 'max_depth': 3, 'min_samples_leaf': 1, 'min_samples_split': 5, 'n_estimators': 300, 'subsample': 0.8}",0.9827915869980879,0.9891150023663038,0.988235294117647,0.9867139611606796,0.002796692803320108,142
8,5.661367575327556,0.1768469802869445,0.036174774169921875,0.0034193389885758822,0.05,3,1,5,600,0.5,"{'learning_rate': 0.05, 'max_depth': 3, 'min_samples_leaf': 1, 'min_samples_split': 5, 'n_estimators': 600, 'subsample': 0.5}",0.9832935560859187,0.991016548463357,0.9933899905571293,0.9892333650354684,0.004310398636706718,129
9,8.431169430414835,0.28388471439216045,0.037334283192952476,0.0009422921264102798,0.05,3,1,5,600,0.8,"{'learning_rate': 0.05, 'max_depth': 3, 'min_samples_leaf': 1, 'min_samples_split': 5, 'n_estimators': 600, 'subsample': 0.8}",0.9842331581462017,0.991016548463357,0.9938650306748466,0.9897049124281351,0.004040093556564023,120
10,8.90714438756307,0.5904068594124559,0.05200521151224772,0.001637936417346407,0.05,3,1,5,900,0.5,"{'learning_rate': 0.05, 'max_depth': 3, 'min_samples_leaf': 1, 'min_samples_split': 5, 'n_estimators': 900, 'subsample': 0.5}",0.9847182425978988,0.9919545669663985,0.9943342776203965,0.9903356957282311,0.0040892208265796955,101
11,12.593400796254477,1.2632062042357823,0.06601730982462566,0.018754622113936012,0.05,3,1,5,900,0.8,"{'learning_rate': 0.05, 'max_depth': 3, 'min_samples_leaf': 1, 'min_samples_split': 5, 'n_estimators': 900, 'subsample': 0.8}",0.982808022922636,0.992914501653283,0.9948088721094855,0.9901771322284681,0.005267826169449777,104
12,3.14038093884786,0.05610878457712494,0.02583789825439453,0.0050368179726018635,0.05,3,3,2,300,0.5,"{'learning_rate': 0.05, 'max_depth': 3, 'min_samples_leaf': 3, 'min_samples_split': 2, 'n_estimators': 300, 'subsample': 0.5}",0.9803921568627452,0.9896030245746692,0.9901083372585963,0.9867011728986702,0.004465915190514622,143
13,4.355228741963704,0.4140833114789983,0.02134569485982259,0.002097384256225132,0.05,3,3,2,300,0.8,"{'learning_rate': 0.05, 'max_depth': 3, 'min_samples_leaf': 3, 'min_samples_split': 2, 'n_estimators': 300, 'subsample': 0.8}",0.9818529130850048,0.9900709219858157,0.9900896649362907,0.9873378333357037,0.0038784318516589217,140
14,6.940711895624797,1.173937422739511,0.05835103988647461,0.01613833152942977,0.05,3,3,2,600,0.5,"{'learning_rate': 0.05, 'max_depth': 3, 'min_samples_leaf': 3, 'min_samples_split': 2, 'n_estimators': 600, 'subsample': 0.5}",0.9847182425978988,0.9914853358561967,0.9933962264150944,0.9898666016230632,0.003723087980965611,115
15,8.780499537785849,1.419226394102478,0.05101863543192545,0.018124966014228264,0.05,3,3,2,600,0.8,"{'learning_rate': 0.05, 'max_depth': 3, 'min_samples_leaf': 3, 'min_samples_split': 2, 'n_estimators': 600, 'subsample': 0.8}",0.9837631327602675,0.9919697685403874,0.9929211892402077,0.9895513635136209,0.004111286236492652,124
16,11.328171332677206,0.6537173807147417,0.051351467768351235,0.002330012304726082,0.05,3,3,2,900,0.5,"{'learning_rate': 0.05, 'max_depth': 3, 'min_samples_leaf': 3, 'min_samples_split': 2, 'n_estimators': 900, 'subsample': 0.5}",0.9847473784556722,0.9924314096499526,0.9952785646836638,0.9908191175964295,0.0044479272394791144,88
17,12.787424564361572,1.110773307529433,0.060849269231160484,0.006260906358641568,0.05,3,3,2,900,0.8,"{'learning_rate': 0.05, 'max_depth': 3, 'min_samples_leaf': 3, 'min_samples_split': 2, 'n_estimators': 900, 'subsample': 0.8}",0.9837320574162679,0.9933774834437087,0.9952785646836638,0.9907960351812135,0.00505492260857087,90
18,4.292469024658203,1.1445286170482756,0.0346681276957194,0.0120350293571484,0.05,3,3,5,300,0.5,"{'learning_rate': 0.05, 'max_depth': 3, 'min_samples_leaf': 3, 'min_samples_split': 5, 'n_estimators': 300, 'subsample': 0.5}",0.9828408007626311,0.9905482041587901,0.9901176470588235,0.9878355506600816,0.003536192845197959,137
19,3.8738465309143066,0.11981302792970082,0.024840037027994793,0.006503388951285156,0.05,3,3,5,300,0.8,"{'learning_rate': 0.05, 'max_depth': 3, 'min_samples_leaf': 3, 'min_samples_split': 5, 'n_estimators': 300, 'subsample': 0.8}",0.9837631327602675,0.9891150023663038,0.9891662741403673,0.9873481364223129,0.00253506681586671,139
20,6.227971871693929,0.6825451672637046,0.044009764989217125,0.0070872309292274475,0.05,3,3,5,600,0.5,"{'learning_rate': 0.05, 'max_depth': 3, 'min_samples_leaf': 3, 'min_samples_split': 5, 'n_estimators': 600, 'subsample': 0.5}",0.9842782277274893,0.9919621749408983,0.9938650306748466,0.9900351444477448,0.0041442154528147064,107
21,8.070389986038208,0.5913950469585585,0.03717446327209473,0.0016614289080048707,0.05,3,3,5,600,0.8,"{'learning_rate': 0.05, 'max_depth': 3, 'min_samples_leaf': 3, 'min_samples_split': 5, 'n_estimators': 600, 'subsample': 0.8}",0.982808022922636,0.9905482041587901,0.9933962264150944,0.9889174844988401,0.004473771582340585,133
22,9.272707303365072,0.933006695083166,0.05434012413024902,0.0012457287178185054,0.05,3,3,5,900,0.5,"{'learning_rate': 0.05, 'max_depth': 3, 'min_samples_leaf': 3, 'min_samples_split': 5, 'n_estimators': 900, 'subsample': 0.5}",0.9852028639618139,0.9933774834437087,0.9957487009919699,0.9914430161324974,0.004517395451677943,64
23,11.799985806147257,0.5539214617226687,0.05134908358256022,0.0011746061832206339,0.05,3,3,5,900,0.8,"{'learning_rate': 0.05, 'max_depth': 3, 'min_samples_leaf': 3, 'min_samples_split': 5, 'n_estimators': 900, 'subsample': 0.8}",0.9837631327602675,0.9929010884997633,0.9948039678790741,0.9904893963797017,0.00481921184369699,99
24,4.569138367970784,0.2545140600330641,0.027672449747721355,0.00170678288854808,0.05,5,1,2,300,0.5,"{'learning_rate': 0.05, 'max_depth': 5, 'min_samples_leaf': 1, 'min_samples_split': 2, 'n_estimators': 300, 'subsample': 0.5}",0.9871489766777725,0.9891046897205116,0.9915254237288136,0.9892596967090325,0.0017900358604432827,128
25,6.192208766937256,0.16571367196326275,0.02834916114807129,0.0020959432569889478,0.05,5,1,2,300,0.8,"{'learning_rate': 0.05, 'max_depth': 5, 'min_samples_leaf': 1, 'min_samples_split': 2, 'n_estimators': 300, 'subsample': 0.8}",0.9857278782112274,0.9895833333333334,0.9933837429111531,0.9895649848185712,0.003125520604836611,123
26,8.978208065032959,0.315184332763173,0.05783708890279134,0.002316358846041022,0.05,5,1,2,600,0.5,"{'learning_rate': 0.05, 'max_depth': 5, 'min_samples_leaf': 1, 'min_samples_split': 2, 'n_estimators': 600, 'subsample': 0.5}",0.9885714285714284,0.9910080454330337,0.9938592347661785,0.9911462362568803,0.0021609482665650827,75
27,12.237282594045004,0.5429949578551507,0.053013881047566734,0.001775964534602489,0.05,5,1,2,600,0.8,"{'learning_rate': 0.05, 'max_depth': 5, 'min_samples_leaf': 1, 'min_samples_split': 2, 'n_estimators': 600, 'subsample': 0.8}",0.9890424011434016,0.9909995262908574,0.9943235572374645,0.9914551615572412,0.0021799625447002226,56
28,13.085159460703531,0.6742555533629008,0.08101741472880046,0.0010716596851377443,0.05,5,1,2,900,0.5,"{'learning_rate': 0.05, 'max_depth': 5, 'min_samples_leaf': 1, 'min_samples_split': 2, 'n_estimators': 900, 'subsample': 0.5}",0.9880895664602192,0.9909995262908574,0.9966934341048654,0.9919275089519807,0.003573280330094164,41
29,18.28545840581258,0.39907761054875623,0.08351922035217285,0.007071229787062349,0.05,5,1,2,900,0.8,"{'learning_rate': 0.05, 'max_depth': 5, 'min_samples_leaf': 1, 'min_samples_split': 2, 'n_estimators': 900, 'subsample': 0.8}",0.9880895664602192,0.9919393077287815,0.9943235572374645,0.9914508104754883,0.002568349979727713,59
30,4.400280475616455,0.11808140232936899,0.03017457326253255,0.003063165738818772,0.05,5,1,5,300,0.5,"{'learning_rate': 0.05, 'max_depth': 5, 'min_samples_leaf': 1, 'min_samples_split': 5, 'n_estimators': 300, 'subsample': 0.5}",0.9866793529971457,0.9895833333333334,0.9924670433145009,0.9895765765483265,0.0023628195082724605,122
31,6.0993655522664385,0.3011007043399527,0.025335152943929035,0.00047063981843656897,0.05,5,1,5,300,0.8,"{'learning_rate': 0.05, 'max_depth': 5, 'min_samples_leaf': 1, 'min_samples_split': 5, 'n_estimators': 300, 'subsample': 0.8}",0.9876072449952336,0.9891150023663038,0.9934024505183788,0.9900415659599721,0.002454925909772292,106
32,8.742035547892252,0.300540355989969,0.05768322944641113,0.0037867415346491623,0.05,5,1,5,600,0.5,"{'learning_rate': 0.05, 'max_depth': 5, 'min_samples_leaf': 1, 'min_samples_split': 5, 'n_estimators': 600, 'subsample': 0.5}",0.9885714285714284,0.9905213270142181,0.9948039678790741,0.9912989078215736,0.0026031532787900036,69
33,12.367272933324179,0.364814569124166,0.05601056416829427,0.0036744640131345417,0.05,5,1,5,600,0.8,"{'learning_rate': 0.05, 'max_depth': 5, 'min_samples_leaf': 1, 'min_samples_split': 5, 'n_estimators': 600, 'subsample': 0.8}",0.9881009043312707,0.9914691943127962,0.9947941315664932,0.9914547434035201,0.002732517682427101,57
34,12.772217194239298,0.553398581360702,0.08317685127258301,0.003926848770577538,0.05,5,1,5,900,0.5,"{'learning_rate': 0.05, 'max_depth': 5, 'min_samples_leaf': 1, 'min_samples_split': 5, 'n_estimators': 900, 'subsample': 0.5}",0.9880895664602192,0.9914772727272727,0.9966934341048654,0.9920867577641191,0.0035388546752918495,35
35,18.022225856781006,0.8094834406844269,0.0791783332824707,0.004164534575240679,0.05,5,1,5,900,0.8,"{'learning_rate': 0.05, 'max_depth': 5, 'min_samples_leaf': 1, 'min_samples_split': 5, 'n_estimators': 900, 'subsample': 0.8}",0.9880782069623272,0.9914691943127962,0.9947941315664932,0.9914471776138724,0.002741808937360432,61
36,4.269609689712524,0.14539274428586632,0.0285031000773112,0.0006972213271126046,0.05,5,3,2,300,0.5,"{'learning_rate': 0.05, 'max_depth': 5, 'min_samples_leaf': 3, 'min_samples_split': 2, 'n_estimators': 300, 'subsample': 0.5}",0.9861970490242741,0.9900615238996687,0.9933962264150944,0.9898849331130123,0.0029417032487515965,114
37,6.033185005187988,0.19264710570572055,0.027843952178955078,0.0015417809666455025,0.05,5,3,2,300,0.8,"{'learning_rate': 0.05, 'max_depth': 5, 'min_samples_leaf': 3, 'min_samples_split': 2, 'n_estimators': 300, 'subsample': 0.8}",0.9871489766777725,0.9895833333333334,0.9924599434495759,0.9897307511535606,0.0021706974337127125,117
38,8.81153655052185,0.22149762671736486,0.054012139638264976,0.0020440332996903158,0.05,5,3,2,600,0.5,"{'learning_rate': 0.05, 'max_depth': 5, 'min_samples_leaf': 3, 'min_samples_split': 2, 'n_estimators': 600, 'subsample': 0.5}",0.9876190476190476,0.9909995262908574,0.9948088721094855,0.9911424820064635,0.002936973646833713,76
39,12.17756724357605,0.5684872306877259,0.05502184232076009,0.0014864733908949977,0.05,5,3,2,600,0.8,"{'learning_rate': 0.05, 'max_depth': 5, 'min_samples_leaf': 3, 'min_samples_split': 2, 'n_estimators': 600, 'subsample': 0.8}",0.9885605338417542,0.9914691943127962,0.9947990543735223,0.9916095941760243,0.0025487995471749534,51
40,12.813278039296469,0.6666136466689175,0.08152357737223308,0.0014141704760361527,0.05,5,3,2,900,0.5,"{'learning_rate': 0.05, 'max_depth': 5, 'min_samples_leaf': 3, 'min_samples_split': 2, 'n_estimators': 900, 'subsample': 0.5}",0.9885714285714284,0.9933649289099525,0.9957487009919699,0.9925616861577836,0.0029846506259918314,20
41,18.174131155014038,0.9151554354194325,0.0815269152323405,0.0008218918239700009,0.05,5,3,2,900,0.8,"{'learning_rate': 0.05, 'max_depth': 5, 'min_samples_leaf': 3, 'min_samples_split': 2, 'n_estimators': 900, 'subsample': 0.8}",0.9871244635193134,0.9924098671726755,0.9952696310312205,0.9916013205744032,0.0033740429902853015,52
42,4.334272702534993,0.13565164034923566,0.028843482335408527,0.0020214765959270134,0.05,5,3,5,300,0.5,"{'learning_rate': 0.05, 'max_depth': 5, 'min_samples_leaf': 3, 'min_samples_split': 5, 'n_estimators': 300, 'subsample': 0.5}",0.9866793529971457,0.9900709219858157,0.9933899905571293,0.9900467551800302,0.0027396596067446035,105
43,6.086388190587361,0.33708918968015583,0.02717280387878418,0.0011723573200163094,0.05,5,3,5,300,0.8,"{'learning_rate': 0.05, 'max_depth': 5, 'min_samples_leaf': 3, 'min_samples_split': 5, 'n_estimators': 300, 'subsample': 0.8}",0.9876425855513308,0.9900615238996687,0.9938592347661785,0.9905211147390593,0.0025586584596692698,96
44,8.719401121139526,0.22210404993861027,0.05918622016906738,0.0047922753690637174,0.05,5,3,5,600,0.5,"{'learning_rate': 0.05, 'max_depth': 5, 'min_samples_leaf': 3, 'min_samples_split': 5, 'n_estimators': 600, 'subsample': 0.5}",0.9895238095238096,0.9914691943127962,0.9957487009919699,0.9922472349428585,0.002600170361612813,30
45,12.575886408487955,0.8163517760758442,0.05350629488627116,0.0018807491840566858,0.05,5,3,5,600,0.8,"{'learning_rate': 0.05, 'max_depth': 5, 'min_samples_leaf': 3, 'min_samples_split': 5, 'n_estimators': 600, 'subsample': 0.8}",0.9880782069623272,0.99146110056926,0.9943235572374645,0.9912876215896839,0.002552602754321611,73
46,13.559630076090494,0.4742528438355483,0.08902867635091145,0.009513997198329427,0.05,5,3,5,900,0.5,"{'learning_rate': 0.05, 'max_depth': 5, 'min_samples_leaf': 3, 'min_samples_split': 5, 'n_estimators': 900, 'subsample': 0.5}",0.9890528319847691,0.9928876244665717,0.9957527135441245,0.9925643899984885,0.0027447481509682565,18
47,18.651882807413738,0.23141130787391015,0.07886060078938802,0.0033011032571427477,0.05,5,3,5,900,0.8,"{'learning_rate': 0.05, 'max_depth': 5, 'min_samples_leaf': 3, 'min_samples_split': 5, 'n_estimators': 900, 'subsample': 0.8}",0.9880782069623272,0.9919393077287815,0.9952696310312205,0.991762381907443,0.0029385509007396385,46
48,6.311275561650594,0.29126339825781733,0.039338270823160805,0.0018823367151703982,0.05,7,1,2,300,0.5,"{'learning_rate': 0.05, 'max_depth': 7, 'min_samples_leaf': 1, 'min_samples_split': 2, 'n_estimators': 300, 'subsample': 0.5}",0.9866666666666667,0.9900615238996687,0.9924528301886792,0.9897270069183381,0.002374004813806695,118
49,9.536255677541098,0.3321502696794825,0.04166857401529948,0.003399491739063658,0.05,7,1,2,300,0.8,"{'learning_rate': 0.05, 'max_depth': 7, 'min_samples_leaf': 1, 'min_samples_split': 2, 'n_estimators': 300, 'subsample': 0.8}",0.9876425855513308,0.9900426742532006,0.9938708156529938,0.9905186918191751,0.0025648465960823328,97
50,13.12263854344686,0.5330989176053744,0.08368937174479167,0.004880834902992467,0.05,7,1,2,600,0.5,"{'learning_rate': 0.05, 'max_depth': 7, 'min_samples_leaf': 1, 'min_samples_split': 2, 'n_estimators': 600, 'subsample': 0.5}",0.9890424011434016,0.9895833333333334,0.9947990543735223,0.9911415962834192,0.0025956247377940107,77
51,17.43867063522339,0.6030667407405842,0.07468525568644206,0.0008480726667154841,0.05,7,1,2,600,0.8,"{'learning_rate': 0.05, 'max_depth': 7, 'min_samples_leaf': 1, 'min_samples_split': 2, 'n_estimators': 600, 'subsample': 0.8}",0.9900047596382675,0.9919393077287815,0.9952741020793952,0.9924060564821481,0.0021763705627403616,23
52,18.54778774579366,0.11983349460422779,0.11985580126444499,0.01195873348976396,0.05,7,1,2,900,0.5,"{'learning_rate': 0.05, 'max_depth': 7, 'min_samples_leaf': 1, 'min_samples_split': 2, 'n_estimators': 900, 'subsample': 0.5}",0.9885605338417542,0.9919393077287815,0.9952741020793952,0.9919246478833103,0.002740822358790289,42
53,23.20822787284851,0.7137970159986653,0.1048594315846761,0.007041483996579394,0.05,7,1,2,900,0.8,"{'learning_rate': 0.05, 'max_depth': 7, 'min_samples_leaf': 1, 'min_samples_split': 2, 'n_estimators': 900, 'subsample': 0.8}",0.9899952358265841,0.9924170616113743,0.9962157048249763,0.9928760007543116,0.0025601468047333695,9
54,6.345728397369385,0.18475286314610756,0.04252092043558756,0.002830983682945866,0.05,7,1,5,300,0.5,"{'learning_rate': 0.05, 'max_depth': 7, 'min_samples_leaf': 1, 'min_samples_split': 5, 'n_estimators': 300, 'subsample': 0.5}",0.9852310624106718,0.9886255924170616,0.9929278642149929,0.9889281730142421,0.003149482049172812,132
55,8.698303063710531,0.24494682517192343,0.038856188456217446,0.00286627312473297,0.05,7,1,5,300,0.8,"{'learning_rate': 0.05, 'max_depth': 7, 'min_samples_leaf': 1, 'min_samples_split': 5, 'n_estimators': 300, 'subsample': 0.8}",0.9866666666666667,0.9891046897205116,0.9933899905571293,0.9897204489814359,0.0027791054477507423,119
56,12.327040831247965,0.49149735140111656,0.08735005060831706,0.00901071574624997,0.05,7,1,5,600,0.5,"{'learning_rate': 0.05, 'max_depth': 7, 'min_samples_leaf': 1, 'min_samples_split': 5, 'n_estimators': 600, 'subsample': 0.5}",0.9880782069623272,0.9900426742532006,0.9957446808510638,0.9912885206888639,0.0032514412678699245,72
57,17.337394158045452,0.4916752718404548,0.07852037747701009,0.005103357571068531,0.05,7,1,5,600,0.8,"{'learning_rate': 0.05, 'max_depth': 7, 'min_samples_leaf': 1, 'min_samples_split': 5, 'n_estimators': 600, 'subsample': 0.8}",0.9895337773549,0.9924170616113743,0.9952741020793952,0.9924083136818899,0.0023434859192188145,22
58,18.31545623143514,0.12695767780001094,0.11736766497294109,0.0022526944116000357,0.05,7,1,5,900,0.5,"{'learning_rate': 0.05, 'max_depth': 7, 'min_samples_leaf': 1, 'min_samples_split': 5, 'n_estimators': 900, 'subsample': 0.5}",0.9890424011434016,0.9900521080056844,0.9952785646836638,0.9914576912775832,0.0027330303298604176,55
59,22.785358905792236,0.8286630386496512,0.1096941630045573,0.005566840845379728,0.05,7,1,5,900,0.8,"{'learning_rate': 0.05, 'max_depth': 7, 'min_samples_leaf': 1, 'min_samples_split': 5, 'n_estimators': 900, 'subsample': 0.8}",0.9900047596382675,0.9928876244665717,0.9952741020793952,0.9927221620614114,0.0021543793841240885,13
60,5.884774128595988,0.1115839367033877,0.0383455753326416,0.0016464687281459113,0.05,7,3,2,300,0.5,"{'learning_rate': 0.05, 'max_depth': 7, 'min_samples_leaf': 3, 'min_samples_split': 2, 'n_estimators': 300, 'subsample': 0.5}",0.9876425855513308,0.9900615238996687,0.9929278642149929,0.9902106578886641,0.0021602813625614913,103
61,8.396184841791788,0.2267627478777179,0.03900917371114095,0.0032473510064379854,0.05,7,3,2,300,0.8,"{'learning_rate': 0.05, 'max_depth': 7, 'min_samples_leaf': 3, 'min_samples_split': 2, 'n_estimators': 300, 'subsample': 0.8}",0.9890632429862101,0.9905213270142181,0.9924528301886792,0.9906791333963691,0.0013882849110734689,92
62,12.288808663686117,0.3707054982247216,0.08701999982198079,0.007954134715198489,0.05,7,3,2,600,0.5,"{'learning_rate': 0.05, 'max_depth': 7, 'min_samples_leaf': 3, 'min_samples_split': 2, 'n_estimators': 600, 'subsample': 0.5}",0.9881009043312707,0.9914772727272727,0.9957487009919699,0.9917756260168377,0.003129319356760719,45
63,17.10909303029378,0.23648662321620292,0.08052182197570801,0.008485509349612765,0.05,7,3,2,600,0.8,"{'learning_rate': 0.05, 'max_depth': 7, 'min_samples_leaf': 3, 'min_samples_split': 2, 'n_estimators': 600, 'subsample': 0.8}",0.9904852521408183,0.9924170616113743,0.9952696310312205,0.992723981594471,0.001965234548978746,11
64,17.284671862920124,0.2736995952843132,0.12119380633036296,0.005248182639762576,0.05,7,3,2,900,0.5,"{'learning_rate': 0.05, 'max_depth': 7, 'min_samples_leaf': 3, 'min_samples_split': 2, 'n_estimators': 900, 'subsample': 0.5}",0.9895238095238096,0.9938359412043622,0.9957487009919699,0.9930361505733805,0.002603467845989047,5
65,23.3952538172404,0.6143455565748007,0.11485973993937175,0.013575890095155805,0.05,7,3,2,900,0.8,"{'learning_rate': 0.05, 'max_depth': 7, 'min_samples_leaf': 3, 'min_samples_split': 2, 'n_estimators': 900, 'subsample': 0.8}",0.9890528319847691,0.9924170616113743,0.9957446808510638,0.9924048581490691,0.0027319494877835987,26
66,6.034326076507568,0.09647503992298574,0.04168470700581869,0.002602202651986409,0.05,7,3,5,300,0.5,"{'learning_rate': 0.05, 'max_depth': 7, 'min_samples_leaf': 3, 'min_samples_split': 5, 'n_estimators': 300, 'subsample': 0.5}",0.9866666666666667,0.990530303030303,0.9924599434495759,0.9898856377155152,0.002408624641701361,113
67,8.588896830876669,0.03417892338360233,0.04084181785583496,0.005489892079634472,0.05,7,3,5,300,0.8,"{'learning_rate': 0.05, 'max_depth': 7, 'min_samples_leaf': 3, 'min_samples_split': 5, 'n_estimators': 300, 'subsample': 0.8}",0.9895337773549,0.9900521080056844,0.9943342776203965,0.9913067209936605,0.002151238559831104,68
68,12.185959815979004,0.3708979609407942,0.07785805066426595,0.0020559984509311035,0.05,7,3,5,600,0.5,"{'learning_rate': 0.05, 'max_depth': 7, 'min_samples_leaf': 3, 'min_samples_split': 5, 'n_estimators': 600, 'subsample': 0.5}",0.9885714285714284,0.9914853358561967,0.9957487009919699,0.9919351551398649,0.0029473222751774902,39
69,17.371849139531452,0.5430050786083894,0.08151650428771973,0.004025228607364466,0.05,7,3,5,600,0.8,"{'learning_rate': 0.05, 'max_depth': 7, 'min_samples_leaf': 3, 'min_samples_split': 5, 'n_estimators': 600, 'subsample': 0.8}",0.9885823025689819,0.9924098671726755,0.9957446808510638,0.9922456168642405,0.002926334372188219,32
70,17.41011317571004,0.5469344875397743,0.11336771647135417,0.0016357498949097756,0.05,7,3,5,900,0.5,"{'learning_rate': 0.05, 'max_depth': 7, 'min_samples_leaf': 3, 'min_samples_split': 5, 'n_estimators': 900, 'subsample': 0.5}",0.9900047596382675,0.9933649289099525,0.9957487009919699,0.9930394631800633,0.0023562203525550993,1
71,22.735643943150837,0.6121051095530854,0.10770281155904134,0.0044037129682436,0.05,7,3,5,900,0.8,"{'learning_rate': 0.05, 'max_depth': 7, 'min_samples_leaf': 3, 'min_samples_split': 5, 'n_estimators': 900, 'subsample': 0.8}",0.9904852521408183,0.9928876244665717,0.9957446808510638,0.9930391858194846,0.0021498256863152648,2
72,2.8053719202677407,0.08782076840396923,0.02017068862915039,0.00024243062658360368,0.1,3,1,2,300,0.5,"{'learning_rate': 0.1, 'max_depth': 3, 'min_samples_leaf': 1, 'min_samples_split': 2, 'n_estimators': 300, 'subsample': 0.5}",0.9842632331902719,0.9924314096499526,0.9934024505183788,0.9900323644528677,0.004098608441559521,109
73,3.7931421597798667,0.11833259591055573,0.021666924158732098,0.002862513143045849,0.1,3,1,2,300,0.8,"{'learning_rate': 0.1, 'max_depth': 3, 'min_samples_leaf': 1, 'min_samples_split': 2, 'n_estimators': 300, 'subsample': 0.8}",0.9832775919732442,0.9924314096499526,0.9933962264150944,0.9897017426794305,0.004559605397357638,121
74,5.430224339167277,0.1079897676625507,0.036000728607177734,0.002946379482214356,0.1,3,1,2,600,0.5,"{'learning_rate': 0.1, 'max_depth': 3, 'min_samples_leaf': 1, 'min_samples_split': 2, 'n_estimators': 600, 'subsample': 0.5}",0.9827751196172249,0.9914853358561967,0.9952830188679246,0.9898478247804486,0.0052359633184869735,116
75,7.619866450627645,0.18113943880005615,0.03784402211507162,0.00022783182059771452,0.1,3,1,2,600,0.8,"{'learning_rate': 0.1, 'max_depth': 3, 'min_samples_leaf': 1, 'min_samples_split': 2, 'n_estimators': 600, 'subsample': 0.8}",0.9827751196172249,0.9933774834437087,0.9948088721094855,0.990320491723473,0.0053672897284967195,102
76,8.254868586858114,0.2869991594858723,0.04934986432393392,0.001165725894078683,0.1,3,1,2,900,0.5,"{'learning_rate': 0.1, 'max_depth': 3, 'min_samples_leaf': 1, 'min_samples_split': 2, 'n_estimators': 900, 'subsample': 0.5}",0.9847036328871893,0.9924242424242424,0.9943342776203965,0.9904873843106093,0.004163403576288063,100
77,11.462275822957357,0.3171222922836459,0.055180867513020836,0.007502106318389798,0.1,3,1,2,900,0.8,"{'learning_rate': 0.1, 'max_depth': 3, 'min_samples_leaf': 1, 'min_samples_split': 2, 'n_estimators': 900, 'subsample': 0.8}",0.9832615973218556,0.9933774834437087,0.9952785646836638,0.9906392151497427,0.005274179941374499,94
78,2.813955465952555,0.02210170811336718,0.02183977762858073,0.003333277487577684,0.1,3,1,5,300,0.5,"{'learning_rate': 0.1, 'max_depth': 3, 'min_samples_leaf': 1, 'min_samples_split': 5, 'n_estimators': 300, 'subsample': 0.5}",0.9832615973218556,0.991016548463357,0.991984912776992,0.9887543528540682,0.003904032518944946,134
79,3.8111634254455566,0.13774593118569892,0.022170384724934895,0.0022441718503207696,0.1,3,1,5,300,0.8,"{'learning_rate': 0.1, 'max_depth': 3, 'min_samples_leaf': 1, 'min_samples_split': 5, 'n_estimators': 300, 'subsample': 0.8}",0.9842632331902719,0.9905482041587901,0.9924528301886792,0.9890880891792472,0.0034991738609939736,130
80,5.475601434707642,0.1511367573180436,0.04084531466166178,0.0022496728491495214,0.1,3,1,5,600,0.5,"{'learning_rate': 0.1, 'max_depth': 3, 'min_samples_leaf': 1, 'min_samples_split': 5, 'n_estimators': 600, 'subsample': 0.5}",0.985188724319159,0.9919545669663985,0.9957487009919699,0.9909639974258425,0.004367623140304519,83
81,7.705571413040161,0.29745793492687733,0.03817828496297201,0.0027736256456390943,0.1,3,1,5,600,0.8,"{'learning_rate': 0.1, 'max_depth': 3, 'min_samples_leaf': 1, 'min_samples_split': 5, 'n_estimators': 600, 'subsample': 0.8}",0.9823051171688186,0.9928943628612033,0.9933899905571293,0.9895298235290504,0.005112644338430108,126
82,8.366629362106323,0.23128134409895393,0.05685853958129883,0.0024934989285461556,0.1,3,1,5,900,0.5,"{'learning_rate': 0.1, 'max_depth': 3, 'min_samples_leaf': 1, 'min_samples_split': 5, 'n_estimators': 900, 'subsample': 0.5}",0.9837476099426385,0.9929010884997633,0.9957487009919699,0.9907991331447906,0.0051199094281903805,89
83,11.401344696680704,0.2844752457845339,0.05419341723124186,0.003093572747724304,0.1,3,1,5,900,0.8,"{'learning_rate': 0.1, 'max_depth': 3, 'min_samples_leaf': 1, 'min_samples_split': 5, 'n_estimators': 900, 'subsample': 0.8}",0.9842029679272378,0.9938476100331283,0.996219281663516,0.991423286541294,0.0051965345662253,67
84,2.7337542374928794,0.15491738610746958,0.019838889439900715,0.0008462713354999245,0.1,3,3,2,300,0.5,"{'learning_rate': 0.1, 'max_depth': 3, 'min_samples_leaf': 3, 'min_samples_split': 2, 'n_estimators': 300, 'subsample': 0.5}",0.982808022922636,0.9905482041587901,0.9915094339622641,0.98828855368123,0.0038951383142487774,136
85,3.7517104148864746,0.12079038624044748,0.02017323176066081,0.00024536197462367087,0.1,3,3,2,300,0.8,"{'learning_rate': 0.1, 'max_depth': 3, 'min_samples_leaf': 3, 'min_samples_split': 2, 'n_estimators': 300, 'subsample': 0.8}",0.9818355640535373,0.9919697685403874,0.9933899905571293,0.989065107717018,0.005144834550682192,131
86,5.5925681591033936,0.17521732562409753,0.036335150400797524,0.00047361854572478955,0.1,3,3,2,600,0.5,"{'learning_rate': 0.1, 'max_depth': 3, 'min_samples_leaf': 3, 'min_samples_split': 2, 'n_estimators': 600, 'subsample': 0.5}",0.9852169766332857,0.9924242424242424,0.994328922495274,0.990656713850934,0.00392428399338002,93
87,7.719324111938477,0.29306490536564545,0.035335143407185875,0.001698178427800629,0.1,3,3,2,600,0.8,"{'learning_rate': 0.1, 'max_depth': 3, 'min_samples_leaf': 3, 'min_samples_split': 2, 'n_estimators': 600, 'subsample': 0.8}",0.9832775919732442,0.9929078014184397,0.9938708156529938,0.9900187363482259,0.004782894501397627,111
88,8.350184599558512,0.4032186333695196,0.05201840400695801,0.0034945659598250856,0.1,3,3,2,900,0.5,"{'learning_rate': 0.1, 'max_depth': 3, 'min_samples_leaf': 3, 'min_samples_split': 2, 'n_estimators': 900, 'subsample': 0.5}",0.9842180774748923,0.9943235572374646,0.9957446808510638,0.9914287718544735,0.0051316328238405024,66
89,11.444687604904175,0.46840861357758257,0.052509148915608726,0.0006968279225716293,0.1,3,3,2,900,0.8,"{'learning_rate': 0.1, 'max_depth': 3, 'min_samples_leaf': 3, 'min_samples_split': 2, 'n_estimators': 900, 'subsample': 0.8}",0.9832615973218556,0.9933774834437087,0.9952696310312205,0.9906362372655949,0.005271561523753553,95
90,2.7452513376871743,0.08435455579262599,0.021347999572753906,0.001646388238189302,0.1,3,3,5,300,0.5,"{'learning_rate': 0.1, 'max_depth': 3, 'min_samples_leaf': 3, 'min_samples_split': 5, 'n_estimators': 300, 'subsample': 0.5}",0.9832775919732442,0.9914933837429112,0.9933837429111531,0.9893849062091028,0.00438693741524238,127
91,3.870094378789266,0.19509733586950853,0.022342205047607422,0.0012489214948718358,0.1,3,3,5,300,0.8,"{'learning_rate': 0.1, 'max_depth': 3, 'min_samples_leaf': 3, 'min_samples_split': 5, 'n_estimators': 300, 'subsample': 0.8}",0.9852028639618139,0.9924385633270321,0.9924599434495759,0.9900337902461406,0.0034159918862958966,108
92,5.552559773127238,0.269744669894802,0.039508819580078125,0.005687642188303743,0.1,3,3,5,600,0.5,"{'learning_rate': 0.1, 'max_depth': 3, 'min_samples_leaf': 3, 'min_samples_split': 5, 'n_estimators': 600, 'subsample': 0.5}",0.9842331581462017,0.9924314096499526,0.996219281663516,0.9909612831532234,0.005002515579210633,85
93,7.66297976175944,0.3415203026601896,0.0386661688486735,0.0033016798541257875,0.1,3,3,5,600,0.8,"{'learning_rate': 0.1, 'max_depth': 3, 'min_samples_leaf': 3, 'min_samples_split': 5, 'n_estimators': 600, 'subsample': 0.8}",0.9842180774748923,0.9938534278959811,0.9948039678790741,0.9909584910833159,0.00478196356282858,86
94,8.44783584276835,0.210890117261027,0.05301936467488607,0.0014648381922357592,0.1,3,3,5,900,0.5,"{'learning_rate': 0.1, 'max_depth': 3, 'min_samples_leaf': 3, 'min_samples_split': 5, 'n_estimators': 900, 'subsample': 0.5}",0.9847036328871893,0.9929010884997633,0.9952830188679246,0.9909625800849592,0.004531314238205413,84
95,11.374431133270264,0.5615367875452337,0.0575112501780192,0.0031949746941363926,0.1,3,3,5,900,0.8,"{'learning_rate': 0.1, 'max_depth': 3, 'min_samples_leaf': 3, 'min_samples_split': 5, 'n_estimators': 900, 'subsample': 0.8}",0.9837320574162679,0.9933712121212122,0.9952830188679246,0.9907954294684682,0.005055173575658053,91
96,4.370699564615886,0.1717759136658587,0.028336048126220703,0.00047710804397470947,0.1,5,1,2,300,0.5,"{'learning_rate': 0.1, 'max_depth': 5, 'min_samples_leaf': 1, 'min_samples_split': 2, 'n_estimators': 300, 'subsample': 0.5}",0.9876190476190476,0.9909995262908574,0.9929278642149929,0.9905154793749659,0.0021941755437117354,98
97,6.094166199366252,0.2771874630171854,0.029170989990234375,0.0014301013756061627,0.1,5,1,2,300,0.8,"{'learning_rate': 0.1, 'max_depth': 5, 'min_samples_leaf': 1, 'min_samples_split': 2, 'n_estimators': 300, 'subsample': 0.8}",0.9876190476190476,0.9914691943127962,0.9938534278959811,0.990980556609275,0.002568520905544814,80
98,8.849374055862427,0.1244348698713252,0.05850672721862793,0.01132904721695149,0.1,5,1,2,600,0.5,"{'learning_rate': 0.1, 'max_depth': 5, 'min_samples_leaf': 1, 'min_samples_split': 2, 'n_estimators': 600, 'subsample': 0.5}",0.9885714285714284,0.9909995262908574,0.9948088721094855,0.9914599423239238,0.002567153113891084,54
99,12.045447508494059,0.37620076914509254,0.05434989929199219,0.0010367788101678652,0.1,5,1,2,600,0.8,"{'learning_rate': 0.1, 'max_depth': 5, 'min_samples_leaf': 1, 'min_samples_split': 2, 'n_estimators': 600, 'subsample': 0.8}",0.9866412213740458,0.9919393077287815,0.9952696310312205,0.9912833867113493,0.0035529365871851647,74
100,12.56826384862264,0.2737918533056817,0.08534940083821614,0.01390653189770426,0.1,5,1,2,900,0.5,"{'learning_rate': 0.1, 'max_depth': 5, 'min_samples_leaf': 1, 'min_samples_split': 2, 'n_estimators': 900, 'subsample': 0.5}",0.9876072449952336,0.9924098671726755,0.9957487009919699,0.9919219377199596,0.003341594709099153,43
101,16.821110725402832,0.49051199992170286,0.0710147221883138,0.0036760263939764246,0.1,5,1,2,900,0.8,"{'learning_rate': 0.1, 'max_depth': 5, 'min_samples_leaf': 1, 'min_samples_split': 2, 'n_estimators': 900, 'subsample': 0.8}",0.9871121718377088,0.9919316563834837,0.9952696310312205,0.9914378197508044,0.00334852615223314,65
102,4.352461576461792,0.1218613537670618,0.02817050615946452,0.00142494751897766,0.1,5,1,5,300,0.5,"{'learning_rate': 0.1, 'max_depth': 5, 'min_samples_leaf': 1, 'min_samples_split': 5, 'n_estimators': 300, 'subsample': 0.5}",0.9876190476190476,0.9909995262908574,0.9938592347661785,0.9908259362253612,0.00255050113257947,87
103,6.0117097695668535,0.22064106605640224,0.029853343963623047,0.0012513533679142672,0.1,5,1,5,300,0.8,"{'learning_rate': 0.1, 'max_depth': 5, 'min_samples_leaf': 1, 'min_samples_split': 5, 'n_estimators': 300, 'subsample': 0.8}",0.9885605338417542,0.9909995262908574,0.9938592347661785,0.9911397649662633,0.002165457309081766,79
104,8.61185089747111,0.08225929471367076,0.05600237846374512,0.0029469200765142615,0.1,5,1,5,600,0.5,"{'learning_rate': 0.1, 'max_depth': 5, 'min_samples_leaf': 1, 'min_samples_split': 5, 'n_estimators': 600, 'subsample': 0.5}",0.9880895664602192,0.9924170616113743,0.9966934341048654,0.9924000207254863,0.003512534925614417,29
105,11.938307762145996,0.4213542815168493,0.05817476908365885,0.004360708640727983,0.1,5,1,5,600,0.8,"{'learning_rate': 0.1, 'max_depth': 5, 'min_samples_leaf': 1, 'min_samples_split': 5, 'n_estimators': 600, 'subsample': 0.8}",0.9876072449952336,0.9919393077287815,0.9947941315664932,0.9914468947635028,0.0029546220901404663,62
106,12.555763641993204,0.2923135209231434,0.08052293459574382,0.004972820081972516,0.1,5,1,5,900,0.5,"{'learning_rate': 0.1, 'max_depth': 5, 'min_samples_leaf': 1, 'min_samples_split': 5, 'n_estimators': 900, 'subsample': 0.5}",0.9871244635193134,0.9933586337760911,0.9957446808510638,0.9920759260488228,0.003634193266448383,38
107,16.61246673266093,0.7676718867898474,0.07985575993855794,0.009745719727697146,0.1,5,1,5,900,0.8,"{'learning_rate': 0.1, 'max_depth': 5, 'min_samples_leaf': 1, 'min_samples_split': 5, 'n_estimators': 900, 'subsample': 0.8}",0.9880782069623272,0.9924170616113743,0.9952696310312205,0.9919216332016406,0.0029567134926629635,44
108,4.378760655721028,0.054626658768121145,0.029844045639038086,0.0008509006442760785,0.1,5,3,2,300,0.5,"{'learning_rate': 0.1, 'max_depth': 5, 'min_samples_leaf': 3, 'min_samples_split': 2, 'n_estimators': 300, 'subsample': 0.5}",0.9876308277830638,0.9919545669663985,0.9948039678790741,0.9914631208761788,0.002948968650668904,53
109,6.091321706771851,0.0962440333251499,0.0286712646484375,0.003092785149381568,0.1,5,3,2,300,0.8,"{'learning_rate': 0.1, 'max_depth': 5, 'min_samples_leaf': 3, 'min_samples_split': 2, 'n_estimators': 300, 'subsample': 0.8}",0.9876072449952336,0.990990990990991,0.9952696310312205,0.991289289005815,0.0031352592896875084,71
110,8.909556945164999,0.3351523005891748,0.05617237091064453,0.002251487956921271,0.1,5,3,2,600,0.5,"{'learning_rate': 0.1, 'max_depth': 5, 'min_samples_leaf': 3, 'min_samples_split': 2, 'n_estimators': 600, 'subsample': 0.5}",0.9880782069623272,0.9914691943127962,0.9948088721094855,0.991452091128203,0.002747809153972853,58
111,12.313193400700888,0.5647276055848703,0.06401507059733073,0.01683323324326167,0.1,5,3,2,600,0.8,"{'learning_rate': 0.1, 'max_depth': 5, 'min_samples_leaf': 3, 'min_samples_split': 2, 'n_estimators': 600, 'subsample': 0.8}",0.9876072449952336,0.9919393077287815,0.9947941315664932,0.9914468947635028,0.0029546220901404663,62
112,12.157844305038452,0.30039296680446037,0.07935365041097005,0.004322548750384813,0.1,5,3,2,900,0.5,"{'learning_rate': 0.1, 'max_depth': 5, 'min_samples_leaf': 3, 'min_samples_split': 2, 'n_estimators': 900, 'subsample': 0.5}",0.9880895664602192,0.9938359412043622,0.9952785646836638,0.992401357449415,0.0031052586340637642,28
113,16.307339509328205,0.7196316375456282,0.07252319653828938,0.007785602377859543,0.1,5,3,2,900,0.8,"{'learning_rate': 0.1, 'max_depth': 5, 'min_samples_leaf': 3, 'min_samples_split': 2, 'n_estimators': 900, 'subsample': 0.8}",0.9880782069623272,0.9919393077287815,0.9952696310312205,0.991762381907443,0.0029385509007396385,46
114,4.233910163243611,0.12612786510759635,0.029668331146240234,0.002057092365834781,0.1,5,3,5,300,0.5,"{'learning_rate': 0.1, 'max_depth': 5, 'min_samples_leaf': 3, 'min_samples_split': 5, 'n_estimators': 300, 'subsample': 0.5}",0.9871367317770368,0.990530303030303,0.9952741020793952,0.990980378962245,0.003337276845754251,81
115,6.108182430267334,0.2605822909808102,0.029670317967732746,0.003857538074275776,0.1,5,3,5,300,0.8,"{'learning_rate': 0.1, 'max_depth': 5, 'min_samples_leaf': 3, 'min_samples_split': 5, 'n_estimators': 300, 'subsample': 0.8}",0.9890528319847691,0.9914772727272727,0.994328922495274,0.9916196757357719,0.0021563072958775712,49
116,8.5727485815684,0.3799767477758113,0.05785632133483887,0.001883796355766144,0.1,5,3,5,600,0.5,"{'learning_rate': 0.1, 'max_depth': 5, 'min_samples_leaf': 3, 'min_samples_split': 5, 'n_estimators': 600, 'subsample': 0.5}",0.9890424011434016,0.9933649289099525,0.9966934341048654,0.9930335880527399,0.0031322959009960965,6
117,12.156609694163004,0.5733312247642195,0.05734642346700033,0.0022344614192317176,0.1,5,3,5,600,0.8,"{'learning_rate': 0.1, 'max_depth': 5, 'min_samples_leaf': 3, 'min_samples_split': 5, 'n_estimators': 600, 'subsample': 0.8}",0.9876072449952336,0.9914691943127962,0.9952696310312205,0.9914486901130833,0.0031281895997286955,60
118,12.118473927179972,0.38717055711092446,0.08468397458394368,0.0056341850938377205,0.1,5,3,5,900,0.5,"{'learning_rate': 0.1, 'max_depth': 5, 'min_samples_leaf': 3, 'min_samples_split': 5, 'n_estimators': 900, 'subsample': 0.5}",0.9876072449952336,0.9943127962085307,0.9966934341048654,0.99287115843621,0.0038469423125329794,10
119,16.18867556254069,0.4576162809938798,0.07835094134012859,0.005328961691174362,0.1,5,3,5,900,0.8,"{'learning_rate': 0.1, 'max_depth': 5, 'min_samples_leaf': 3, 'min_samples_split': 5, 'n_estimators': 900, 'subsample': 0.8}",0.9880782069623272,0.9919393077287815,0.9952696310312205,0.991762381907443,0.0029385509007396385,46
120,6.286371390024821,0.22130327355523086,0.04400142033894857,0.004902031301741251,0.1,7,1,2,300,0.5,"{'learning_rate': 0.1, 'max_depth': 7, 'min_samples_leaf': 1, 'min_samples_split': 2, 'n_estimators': 300, 'subsample': 0.5}",0.9885605338417542,0.9900426742532006,0.994328922495274,0.9909773768634095,0.002445925679119286,82
121,8.799639304478964,0.3832389129128089,0.04334076245625814,0.003970494038283213,0.1,7,1,2,300,0.8,"{'learning_rate': 0.1, 'max_depth': 7, 'min_samples_leaf': 1, 'min_samples_split': 2, 'n_estimators': 300, 'subsample': 0.8}",0.9900047596382675,0.99146110056926,0.994328922495274,0.9919315942342672,0.0017964073999861842,40
122,10.674988428751627,0.1295275941446443,0.06901637713114421,0.004716119198438035,0.1,7,1,2,600,0.5,"{'learning_rate': 0.1, 'max_depth': 7, 'min_samples_leaf': 1, 'min_samples_split': 2, 'n_estimators': 600, 'subsample': 0.5}",0.9899952358265841,0.9914853358561967,0.996219281663516,0.992566617782099,0.0026534963849632514,17
123,11.979134639104208,0.3390072739236389,0.054352919260660805,0.005110074880431833,0.1,7,1,2,600,0.8,"{'learning_rate': 0.1, 'max_depth': 7, 'min_samples_leaf': 1, 'min_samples_split': 2, 'n_estimators': 600, 'subsample': 0.8}",0.9890528319847691,0.9924170616113743,0.9952696310312205,0.9922465082091213,0.00254086126385715,31
124,11.770598808924357,0.2757033876393641,0.07718865076700847,0.004783166857300409,0.1,7,1,2,900,0.5,"{'learning_rate': 0.1, 'max_depth': 7, 'min_samples_leaf': 1, 'min_samples_split': 2, 'n_estimators': 900, 'subsample': 0.5}",0.9890424011434016,0.9924098671726755,0.9962228517469311,0.992558373354336,0.0029332869256092865,21
125,12.334943771362305,0.48677459719407923,0.05617793401082357,0.0034713765876918682,0.1,7,1,2,900,0.8,"{'learning_rate': 0.1, 'max_depth': 7, 'min_samples_leaf': 1, 'min_samples_split': 2, 'n_estimators': 900, 'subsample': 0.8}",0.9895238095238096,0.9928876244665717,0.996219281663516,0.9928769052179658,0.0027334255639050327,8
126,6.183237393697103,0.1269192365591188,0.04584240913391113,0.00718459109312714,0.1,7,1,5,300,0.5,"{'learning_rate': 0.1, 'max_depth': 7, 'min_samples_leaf': 1, 'min_samples_split': 5, 'n_estimators': 300, 'subsample': 0.5}",0.9881009043312707,0.9905213270142181,0.9952696310312205,0.9912972874589031,0.002977610516664863,70
127,8.718545277913412,0.4100826060760861,0.04050747553507487,0.0012192074722199655,0.1,7,1,5,300,0.8,"{'learning_rate': 0.1, 'max_depth': 7, 'min_samples_leaf': 1, 'min_samples_split': 5, 'n_estimators': 300, 'subsample': 0.8}",0.9881009043312707,0.9924170616113743,0.9957446808510638,0.9920875489312363,0.0031292452578765002,34
128,10.396844466527304,0.17438459794348468,0.07452607154846191,0.0021589866966862095,0.1,7,1,5,600,0.5,"{'learning_rate': 0.1, 'max_depth': 7, 'min_samples_leaf': 1, 'min_samples_split': 5, 'n_estimators': 600, 'subsample': 0.5}",0.9885605338417542,0.9919393077287815,0.9957487009919699,0.9920828475208352,0.0029363116885856347,37
129,11.982573747634888,0.17553856512923224,0.054191907246907554,0.0033948330548636448,0.1,7,1,5,600,0.8,"{'learning_rate': 0.1, 'max_depth': 7, 'min_samples_leaf': 1, 'min_samples_split': 5, 'n_estimators': 600, 'subsample': 0.8}",0.9900047596382675,0.9928876244665717,0.9943235572374645,0.9924053137807679,0.0017958230933544609,24
130,11.213727235794067,0.2721491944083179,0.07252057393391927,0.0021575154392871262,0.1,7,1,5,900,0.5,"{'learning_rate': 0.1, 'max_depth': 7, 'min_samples_leaf': 1, 'min_samples_split': 5, 'n_estimators': 900, 'subsample': 0.5}",0.9885605338417542,0.9928808732795444,0.9966903073286052,0.9927105714833013,0.003321150028050416,16
131,12.509070555369059,0.18971807361551415,0.05583763122558594,0.003695738112280112,0.1,7,1,5,900,0.8,"{'learning_rate': 0.1, 'max_depth': 7, 'min_samples_leaf': 1, 'min_samples_split': 5, 'n_estimators': 900, 'subsample': 0.8}",0.9900047596382675,0.9924170616113743,0.9957446808510638,0.9927221673669019,0.002353223466342755,12
132,6.0357591311136884,0.3733527353439918,0.04368344942728678,0.0020207520356717865,0.1,7,3,2,300,0.5,"{'learning_rate': 0.1, 'max_depth': 7, 'min_samples_leaf': 3, 'min_samples_split': 2, 'n_estimators': 300, 'subsample': 0.5}",0.9881009043312707,0.990990990990991,0.9957446808510638,0.9916121920577751,0.003151322256362178,50
133,8.518883228302002,0.3548008383764746,0.04335888226826986,0.0031828168995211748,0.1,7,3,2,300,0.8,"{'learning_rate': 0.1, 'max_depth': 7, 'min_samples_leaf': 3, 'min_samples_split': 2, 'n_estimators': 300, 'subsample': 0.8}",0.9900047596382675,0.99146110056926,0.9952696310312205,0.9922451637462494,0.002219727309861366,33
134,10.474157651265463,0.13801666012452674,0.07351398468017578,0.008043060970125594,0.1,7,3,2,600,0.5,"{'learning_rate': 0.1, 'max_depth': 7, 'min_samples_leaf': 3, 'min_samples_split': 2, 'n_estimators': 600, 'subsample': 0.5}",0.9890424011434016,0.9928943628612033,0.9957487009919699,0.9925618216655249,0.002747914621410714,19
135,11.827825625737509,0.40767384189380956,0.0535271962483724,0.0008179984825794537,0.1,7,3,2,600,0.8,"{'learning_rate': 0.1, 'max_depth': 7, 'min_samples_leaf': 3, 'min_samples_split': 2, 'n_estimators': 600, 'subsample': 0.8}",0.9895238095238096,0.9943127962085307,0.9952741020793952,0.993036902603912,0.0025149412831364866,4
136,11.095852533976236,0.3057029401664515,0.0686800479888916,0.0014421329634105619,0.1,7,3,2,900,0.5,"{'learning_rate': 0.1, 'max_depth': 7, 'min_samples_leaf': 3, 'min_samples_split': 2, 'n_estimators': 900, 'subsample': 0.5}",0.9890424011434016,0.9928943628612033,0.9952785646836638,0.9924051095627563,0.0025693008799742905,25
137,12.227427244186401,0.2633248141768945,0.05236077308654785,0.0002582910732990734,0.1,7,3,2,900,0.8,"{'learning_rate': 0.1, 'max_depth': 7, 'min_samples_leaf': 3, 'min_samples_split': 2, 'n_estimators': 900, 'subsample': 0.8}",0.9895238095238096,0.9928876244665717,0.9957446808510638,0.9927187049471483,0.002542467354178502,14
138,6.1836927731831866,0.18836596245697623,0.04501732190450033,0.0038902568033157164,0.1,7,3,5,300,0.5,"{'learning_rate': 0.1, 'max_depth': 7, 'min_samples_leaf': 3, 'min_samples_split': 5, 'n_estimators': 300, 'subsample': 0.5}",0.9880895664602192,0.9905213270142181,0.9948088721094855,0.9911399218613076,0.0027778003036815525,78
139,8.198102394739786,0.2380983315243508,0.03717501958211263,0.0006214180537172899,0.1,7,3,5,300,0.8,"{'learning_rate': 0.1, 'max_depth': 7, 'min_samples_leaf': 3, 'min_samples_split': 5, 'n_estimators': 300, 'subsample': 0.8}",0.9890424011434016,0.9924170616113743,0.9947990543735223,0.9920861723760993,0.002361762035357012,36
140,9.869068066279093,0.21563990731805607,0.05590677261352539,0.003815867885146638,0.1,7,3,5,600,0.5,"{'learning_rate': 0.1, 'max_depth': 7, 'min_samples_leaf': 3, 'min_samples_split': 5, 'n_estimators': 600, 'subsample': 0.5}",0.9914367269267363,0.9919316563834837,0.9957487009919699,0.9930390281007299,0.0019266523946869433,3
141,10.04228679339091,0.27796084125259757,0.034853219985961914,0.004520879228339496,0.1,7,3,5,600,0.8,"{'learning_rate': 0.1, 'max_depth': 7, 'min_samples_leaf': 3, 'min_samples_split': 5, 'n_estimators': 600, 'subsample': 0.8}",0.9904942965779469,0.9924170616113743,0.995740653099858,0.9928840037630597,0.0021671164279622,7
142,9.003702720006308,0.2549104446032011,0.046525796254475914,0.0025520122930503277,0.1,7,3,5,900,0.5,"{'learning_rate': 0.1, 'max_depth': 7, 'min_samples_leaf': 3, 'min_samples_split': 5, 'n_estimators': 900, 'subsample': 0.5}",0.9895138226882745,0.9928876244665717,0.9957446808510638,0.99271537600197,0.002546651463048145,15
143,9.20386799176534,0.06668522985457105,0.0312504768371582,0.002667107305499558,0.1,7,3,5,900,0.8,"{'learning_rate': 0.1, 'max_depth': 7, 'min_samples_leaf': 3, 'min_samples_split': 5, 'n_estimators': 900, 'subsample': 0.8}",0.9900047596382675,0.9924098671726755,0.9947990543735223,0.9924045603948217,0.0019572662267461124,27
